"LOCATION","INDICATOR","SUBJECT","MEASURE","FREQUENCY","TIME","Value","Flag Codes"
"AUS","EDUTRY","25_34","PC_AGE","A","1991",35.707539,
"AUS","EDUTRY","25_34","PC_AGE","A","1993",22.836517,
"AUS","EDUTRY","25_34","PC_AGE","A","1994",23.624947,
"AUS","EDUTRY","25_34","PC_AGE","A","1995",24.697142,
"AUS","EDUTRY","25_34","PC_AGE","A","1997",25.702168,
"AUS","EDUTRY","25_34","PC_AGE","A","1998",28.139578,
"AUS","EDUTRY","25_34","PC_AGE","A","1999",28.981586,
"AUS","EDUTRY","25_34","PC_AGE","A","2000",31.372517,
"AUS","EDUTRY","25_34","PC_AGE","A","2001",33.511932,
"AUS","EDUTRY","25_34","PC_AGE","A","2002",35.797337,
"AUS","EDUTRY","25_34","PC_AGE","A","2003",36.322815,
"AUS","EDUTRY","25_34","PC_AGE","A","2004",36.168247,
"AUS","EDUTRY","25_34","PC_AGE","A","2005",38.098312,
"AUS","EDUTRY","25_34","PC_AGE","A","2006",38.804123,
"AUS","EDUTRY","25_34","PC_AGE","A","2007",40.728859,
"AUS","EDUTRY","25_34","PC_AGE","A","2008",41.99683,
"AUS","EDUTRY","25_34","PC_AGE","A","2009",44.778488,
"AUS","EDUTRY","25_34","PC_AGE","A","2010",44.374836,
"AUS","EDUTRY","25_34","PC_AGE","A","2011",44.615528,
"AUS","EDUTRY","25_34","PC_AGE","A","2012",47.231079,
"AUS","EDUTRY","25_34","PC_AGE","A","2013",45.745182,
"AUS","EDUTRY","25_34","PC_AGE","A","2014",48.13139,
"AUS","EDUTRY","25_34","PC_AGE","A","2015",48.466274,
"AUS","EDUTRY","25_34","PC_AGE","A","2016",49.30521,
"AUS","EDUTRY","25_34","PC_AGE","A","2017",51.989063,
"AUS","EDUTRY","25_34","PC_AGE","A","2018",51.393173,
"AUT","EDUTRY","25_34","PC_AGE","A","2004",30.473413,
"AUT","EDUTRY","25_34","PC_AGE","A","2005",30.570971,
"AUT","EDUTRY","25_34","PC_AGE","A","2006",31.518833,
"AUT","EDUTRY","25_34","PC_AGE","A","2007",31.065872,
"AUT","EDUTRY","25_34","PC_AGE","A","2008",32.680725,
"AUT","EDUTRY","25_34","PC_AGE","A","2009",33.408676,
"AUT","EDUTRY","25_34","PC_AGE","A","2010",33.863789,
"AUT","EDUTRY","25_34","PC_AGE","A","2011",34.808361,
"AUT","EDUTRY","25_34","PC_AGE","A","2012",36.127834,
"AUT","EDUTRY","25_34","PC_AGE","A","2013",38.666092,
"AUT","EDUTRY","25_34","PC_AGE","A","2014",38.403149,
"AUT","EDUTRY","25_34","PC_AGE","A","2015",38.626846,
"AUT","EDUTRY","25_34","PC_AGE","A","2016",39.671021,
"AUT","EDUTRY","25_34","PC_AGE","A","2017",40.324657,
"AUT","EDUTRY","25_34","PC_AGE","A","2018",40.458271,
"BEL","EDUTRY","25_34","PC_AGE","A","1991",26.816282,
"BEL","EDUTRY","25_34","PC_AGE","A","1992",27.192472,
"BEL","EDUTRY","25_34","PC_AGE","A","1994",30.033016,
"BEL","EDUTRY","25_34","PC_AGE","A","1995",32.941891,
"BEL","EDUTRY","25_34","PC_AGE","A","2000",36.020634,
"BEL","EDUTRY","25_34","PC_AGE","A","2001",37.506115,
"BEL","EDUTRY","25_34","PC_AGE","A","2002",37.643967,
"BEL","EDUTRY","25_34","PC_AGE","A","2003",38.910217,
"BEL","EDUTRY","25_34","PC_AGE","A","2004",40.730312,
"BEL","EDUTRY","25_34","PC_AGE","A","2005",40.605904,
"BEL","EDUTRY","25_34","PC_AGE","A","2006",41.863441,
"BEL","EDUTRY","25_34","PC_AGE","A","2007",41.339031,
"BEL","EDUTRY","25_34","PC_AGE","A","2008",42.271435,
"BEL","EDUTRY","25_34","PC_AGE","A","2009",42.484257,
"BEL","EDUTRY","25_34","PC_AGE","A","2010",43.801159,
"BEL","EDUTRY","25_34","PC_AGE","A","2011",42.455688,
"BEL","EDUTRY","25_34","PC_AGE","A","2012",42.989902,
"BEL","EDUTRY","25_34","PC_AGE","A","2013",42.663147,
"BEL","EDUTRY","25_34","PC_AGE","A","2014",44.239079,
"BEL","EDUTRY","25_34","PC_AGE","A","2015",43.144318,
"BEL","EDUTRY","25_34","PC_AGE","A","2016",44.311111,
"BEL","EDUTRY","25_34","PC_AGE","A","2017",45.725086,
"BEL","EDUTRY","25_34","PC_AGE","A","2018",47.397144,
"CAN","EDUTRY","25_34","PC_AGE","A","1990",31.989466,
"CAN","EDUTRY","25_34","PC_AGE","A","1991",32.07547,
"CAN","EDUTRY","25_34","PC_AGE","A","1992",33.21056,
"CAN","EDUTRY","25_34","PC_AGE","A","1993",34.487045,
"CAN","EDUTRY","25_34","PC_AGE","A","1994",38.123291,
"CAN","EDUTRY","25_34","PC_AGE","A","1995",40.448719,
"CAN","EDUTRY","25_34","PC_AGE","A","1996",42.239132,
"CAN","EDUTRY","25_34","PC_AGE","A","1997",44.168514,
"CAN","EDUTRY","25_34","PC_AGE","A","1998",45.555809,
"CAN","EDUTRY","25_34","PC_AGE","A","1999",46.988796,
"CAN","EDUTRY","25_34","PC_AGE","A","2000",48.400093,
"CAN","EDUTRY","25_34","PC_AGE","A","2001",50.856735,
"CAN","EDUTRY","25_34","PC_AGE","A","2002",51.629013,
"CAN","EDUTRY","25_34","PC_AGE","A","2003",53.179329,
"CAN","EDUTRY","25_34","PC_AGE","A","2004",53.197052,
"CAN","EDUTRY","25_34","PC_AGE","A","2005",53.694931,
"CAN","EDUTRY","25_34","PC_AGE","A","2006",54.622643,
"CAN","EDUTRY","25_34","PC_AGE","A","2007",55.674667,
"CAN","EDUTRY","25_34","PC_AGE","A","2008",55.619267,
"CAN","EDUTRY","25_34","PC_AGE","A","2009",55.780476,
"CAN","EDUTRY","25_34","PC_AGE","A","2010",56.169838,
"CAN","EDUTRY","25_34","PC_AGE","A","2011",56.40131,
"CAN","EDUTRY","25_34","PC_AGE","A","2012",57.056797,
"CAN","EDUTRY","25_34","PC_AGE","A","2013",57.603394,
"CAN","EDUTRY","25_34","PC_AGE","A","2014",57.725277,
"CAN","EDUTRY","25_34","PC_AGE","A","2015",59.182831,
"CAN","EDUTRY","25_34","PC_AGE","A","2016",60.582603,
"CAN","EDUTRY","25_34","PC_AGE","A","2017",60.916767,
"CAN","EDUTRY","25_34","PC_AGE","A","2018",61.754246,
"CZE","EDUTRY","25_34","PC_AGE","A","1994",12.470504,
"CZE","EDUTRY","25_34","PC_AGE","A","1995",11.801331,
"CZE","EDUTRY","25_34","PC_AGE","A","1997",10.855382,
"CZE","EDUTRY","25_34","PC_AGE","A","1998",10.455766,
"CZE","EDUTRY","25_34","PC_AGE","A","1999",10.941025,
"CZE","EDUTRY","25_34","PC_AGE","A","2000",11.199056,
"CZE","EDUTRY","25_34","PC_AGE","A","2001",11.27721,
"CZE","EDUTRY","25_34","PC_AGE","A","2002",12.26703,
"CZE","EDUTRY","25_34","PC_AGE","A","2003",12.051159,
"CZE","EDUTRY","25_34","PC_AGE","A","2004",12.978498,
"CZE","EDUTRY","25_34","PC_AGE","A","2005",14.231308,
"CZE","EDUTRY","25_34","PC_AGE","A","2006",15.246418,
"CZE","EDUTRY","25_34","PC_AGE","A","2007",15.472363,
"CZE","EDUTRY","25_34","PC_AGE","A","2008",17.674837,
"CZE","EDUTRY","25_34","PC_AGE","A","2009",20.240141,
"CZE","EDUTRY","25_34","PC_AGE","A","2010",22.630354,
"CZE","EDUTRY","25_34","PC_AGE","A","2011",25.124683,
"CZE","EDUTRY","25_34","PC_AGE","A","2012",27.832432,
"CZE","EDUTRY","25_34","PC_AGE","A","2013",29.195036,
"CZE","EDUTRY","25_34","PC_AGE","A","2014",29.88735,
"CZE","EDUTRY","25_34","PC_AGE","A","2015",31.010311,
"CZE","EDUTRY","25_34","PC_AGE","A","2016",32.564495,
"CZE","EDUTRY","25_34","PC_AGE","A","2017",33.821026,
"CZE","EDUTRY","25_34","PC_AGE","A","2018",33.328793,
"DNK","EDUTRY","25_34","PC_AGE","A","1991",18.714281,
"DNK","EDUTRY","25_34","PC_AGE","A","1992",19.461151,
"DNK","EDUTRY","25_34","PC_AGE","A","1994",19.679981,
"DNK","EDUTRY","25_34","PC_AGE","A","1995",21.697596,
"DNK","EDUTRY","25_34","PC_AGE","A","1998",26.84832,
"DNK","EDUTRY","25_34","PC_AGE","A","1999",28.630783,
"DNK","EDUTRY","25_34","PC_AGE","A","2000",29.295521,
"DNK","EDUTRY","25_34","PC_AGE","A","2001",31.066076,
"DNK","EDUTRY","25_34","PC_AGE","A","2002",32.359928,
"DNK","EDUTRY","25_34","PC_AGE","A","2003",35.009655,
"DNK","EDUTRY","25_34","PC_AGE","A","2004",37.593121,
"DNK","EDUTRY","25_34","PC_AGE","A","2005",39.83181,
"DNK","EDUTRY","25_34","PC_AGE","A","2006",40.808071,
"DNK","EDUTRY","25_34","PC_AGE","A","2007",36.185223,
"DNK","EDUTRY","25_34","PC_AGE","A","2008",36.165295,
"DNK","EDUTRY","25_34","PC_AGE","A","2009",37.435608,
"DNK","EDUTRY","25_34","PC_AGE","A","2010",37.608952,
"DNK","EDUTRY","25_34","PC_AGE","A","2011",38.600784,
"DNK","EDUTRY","25_34","PC_AGE","A","2012",40.192459,
"DNK","EDUTRY","25_34","PC_AGE","A","2013",40.929459,
"DNK","EDUTRY","25_34","PC_AGE","A","2014",42.130608,
"DNK","EDUTRY","25_34","PC_AGE","A","2015",44.475067,
"DNK","EDUTRY","25_34","PC_AGE","A","2016",44.594067,
"DNK","EDUTRY","25_34","PC_AGE","A","2017",45.537395,
"DNK","EDUTRY","25_34","PC_AGE","A","2018",45.83231,
"FIN","EDUTRY","25_34","PC_AGE","A","2000",38.671585,
"FIN","EDUTRY","25_34","PC_AGE","A","2003",37.934616,
"FIN","EDUTRY","25_34","PC_AGE","A","2004",38.172512,
"FIN","EDUTRY","25_34","PC_AGE","A","2005",37.541725,
"FIN","EDUTRY","25_34","PC_AGE","A","2006",38.451385,
"FIN","EDUTRY","25_34","PC_AGE","A","2007",39.297249,
"FIN","EDUTRY","25_34","PC_AGE","A","2008",38.289055,
"FIN","EDUTRY","25_34","PC_AGE","A","2009",39.388084,
"FIN","EDUTRY","25_34","PC_AGE","A","2010",39.207012,
"FIN","EDUTRY","25_34","PC_AGE","A","2011",39.377258,
"FIN","EDUTRY","25_34","PC_AGE","A","2012",39.749657,
"FIN","EDUTRY","25_34","PC_AGE","A","2013",39.992779,
"FIN","EDUTRY","25_34","PC_AGE","A","2014",40.308151,
"FIN","EDUTRY","25_34","PC_AGE","A","2015",40.524899,
"FIN","EDUTRY","25_34","PC_AGE","A","2016",41.13372,
"FIN","EDUTRY","25_34","PC_AGE","A","2017",41.253643,
"FIN","EDUTRY","25_34","PC_AGE","A","2018",41.313869,
"FRA","EDUTRY","25_34","PC_AGE","A","1991",20.082354,
"FRA","EDUTRY","25_34","PC_AGE","A","1992",21.5602,
"FRA","EDUTRY","25_34","PC_AGE","A","1994",24.265591,
"FRA","EDUTRY","25_34","PC_AGE","A","1995",25.39583,
"FRA","EDUTRY","25_34","PC_AGE","A","1997",27.807184,
"FRA","EDUTRY","25_34","PC_AGE","A","1998",29.644657,
"FRA","EDUTRY","25_34","PC_AGE","A","1999",30.937677,
"FRA","EDUTRY","25_34","PC_AGE","A","2000",31.375711,
"FRA","EDUTRY","25_34","PC_AGE","A","2001",34.232525,
"FRA","EDUTRY","25_34","PC_AGE","A","2002",36.053307,
"FRA","EDUTRY","25_34","PC_AGE","A","2003",37.855179,
"FRA","EDUTRY","25_34","PC_AGE","A","2004",38.220337,
"FRA","EDUTRY","25_34","PC_AGE","A","2005",39.776222,
"FRA","EDUTRY","25_34","PC_AGE","A","2006",41.416058,
"FRA","EDUTRY","25_34","PC_AGE","A","2007",41.444328,
"FRA","EDUTRY","25_34","PC_AGE","A","2008",40.825264,
"FRA","EDUTRY","25_34","PC_AGE","A","2009",43.149895,
"FRA","EDUTRY","25_34","PC_AGE","A","2010",42.87175,
"FRA","EDUTRY","25_34","PC_AGE","A","2011",42.988277,
"FRA","EDUTRY","25_34","PC_AGE","A","2012",42.909988,
"FRA","EDUTRY","25_34","PC_AGE","A","2013",44.055721,
"FRA","EDUTRY","25_34","PC_AGE","A","2014",44.726288,
"FRA","EDUTRY","25_34","PC_AGE","A","2015",44.687599,
"FRA","EDUTRY","25_34","PC_AGE","A","2016",44.036968,
"FRA","EDUTRY","25_34","PC_AGE","A","2017",44.34428,
"FRA","EDUTRY","25_34","PC_AGE","A","2018",46.937691,
"DEU","EDUTRY","25_34","PC_AGE","A","1991",21.162483,
"DEU","EDUTRY","25_34","PC_AGE","A","1992",20.452166,
"DEU","EDUTRY","25_34","PC_AGE","A","1994",20.338358,
"DEU","EDUTRY","25_34","PC_AGE","A","1995",21.274153,
"DEU","EDUTRY","25_34","PC_AGE","A","1997",21.040304,
"DEU","EDUTRY","25_34","PC_AGE","A","1998",21.545525,
"DEU","EDUTRY","25_34","PC_AGE","A","1999",21.528263,
"DEU","EDUTRY","25_34","PC_AGE","A","2000",22.250971,
"DEU","EDUTRY","25_34","PC_AGE","A","2001",21.779524,
"DEU","EDUTRY","25_34","PC_AGE","A","2002",21.739561,
"DEU","EDUTRY","25_34","PC_AGE","A","2003",21.799734,
"DEU","EDUTRY","25_34","PC_AGE","A","2004",22.942751,
"DEU","EDUTRY","25_34","PC_AGE","A","2005",22.494616,
"DEU","EDUTRY","25_34","PC_AGE","A","2006",21.983997,
"DEU","EDUTRY","25_34","PC_AGE","A","2007",22.62182,
"DEU","EDUTRY","25_34","PC_AGE","A","2008",23.916872,
"DEU","EDUTRY","25_34","PC_AGE","A","2009",25.655298,
"DEU","EDUTRY","25_34","PC_AGE","A","2010",26.133959,
"DEU","EDUTRY","25_34","PC_AGE","A","2011",27.67141,
"DEU","EDUTRY","25_34","PC_AGE","A","2012",28.956329,
"DEU","EDUTRY","25_34","PC_AGE","A","2013",29.995255,
"DEU","EDUTRY","25_34","PC_AGE","A","2014",28.422802,
"DEU","EDUTRY","25_34","PC_AGE","A","2015",29.588667,
"DEU","EDUTRY","25_34","PC_AGE","A","2016",30.527618,
"DEU","EDUTRY","25_34","PC_AGE","A","2017",31.308737,
"DEU","EDUTRY","25_34","PC_AGE","A","2018",32.281734,
"GRC","EDUTRY","25_34","PC_AGE","A","1990",17.079069,
"GRC","EDUTRY","25_34","PC_AGE","A","1991",17.832764,
"GRC","EDUTRY","25_34","PC_AGE","A","1992",19.19784,
"GRC","EDUTRY","25_34","PC_AGE","A","1993",19.690266,
"GRC","EDUTRY","25_34","PC_AGE","A","1994",20.557531,
"GRC","EDUTRY","25_34","PC_AGE","A","1995",21.01083,
"GRC","EDUTRY","25_34","PC_AGE","A","1996",22.062969,
"GRC","EDUTRY","25_34","PC_AGE","A","1997",22.369493,
"GRC","EDUTRY","25_34","PC_AGE","A","1998",24.000118,
"GRC","EDUTRY","25_34","PC_AGE","A","1999",23.948622,
"GRC","EDUTRY","25_34","PC_AGE","A","2000",23.921938,
"GRC","EDUTRY","25_34","PC_AGE","A","2001",23.480356,
"GRC","EDUTRY","25_34","PC_AGE","A","2002",23.705975,
"GRC","EDUTRY","25_34","PC_AGE","A","2003",23.732121,
"GRC","EDUTRY","25_34","PC_AGE","A","2004",25.493637,
"GRC","EDUTRY","25_34","PC_AGE","A","2005",25.663805,
"GRC","EDUTRY","25_34","PC_AGE","A","2006",27.022612,
"GRC","EDUTRY","25_34","PC_AGE","A","2007",28.066544,
"GRC","EDUTRY","25_34","PC_AGE","A","2008",28.454678,
"GRC","EDUTRY","25_34","PC_AGE","A","2009",29.599367,
"GRC","EDUTRY","25_34","PC_AGE","A","2010",31.15996,
"GRC","EDUTRY","25_34","PC_AGE","A","2011",32.736923,
"GRC","EDUTRY","25_34","PC_AGE","A","2012",34.977001,
"GRC","EDUTRY","25_34","PC_AGE","A","2013",37.168961,
"GRC","EDUTRY","25_34","PC_AGE","A","2014",38.66687,
"GRC","EDUTRY","25_34","PC_AGE","A","2015",40.063866,
"GRC","EDUTRY","25_34","PC_AGE","A","2016",40.979172,
"GRC","EDUTRY","25_34","PC_AGE","A","2017",42.479965,
"GRC","EDUTRY","25_34","PC_AGE","A","2018",42.821678,
"HUN","EDUTRY","25_34","PC_AGE","A","1997",12.421801,
"HUN","EDUTRY","25_34","PC_AGE","A","1998",13.942406,
"HUN","EDUTRY","25_34","PC_AGE","A","1999",13.718729,
"HUN","EDUTRY","25_34","PC_AGE","A","2000",14.693064,
"HUN","EDUTRY","25_34","PC_AGE","A","2001",14.780178,
"HUN","EDUTRY","25_34","PC_AGE","A","2002",14.986973,
"HUN","EDUTRY","25_34","PC_AGE","A","2003",16.786734,
"HUN","EDUTRY","25_34","PC_AGE","A","2004",18.881723,
"HUN","EDUTRY","25_34","PC_AGE","A","2005",19.573023,
"HUN","EDUTRY","25_34","PC_AGE","A","2006",20.717684,
"HUN","EDUTRY","25_34","PC_AGE","A","2007",21.989632,
"HUN","EDUTRY","25_34","PC_AGE","A","2008",23.960701,
"HUN","EDUTRY","25_34","PC_AGE","A","2009",25.0688,
"HUN","EDUTRY","25_34","PC_AGE","A","2010",26.019491,
"HUN","EDUTRY","25_34","PC_AGE","A","2011",28.107714,
"HUN","EDUTRY","25_34","PC_AGE","A","2012",30.430923,
"HUN","EDUTRY","25_34","PC_AGE","A","2013",30.876373,
"HUN","EDUTRY","25_34","PC_AGE","A","2014",32.109055,
"HUN","EDUTRY","25_34","PC_AGE","A","2015",32.12635,
"HUN","EDUTRY","25_34","PC_AGE","A","2016",30.400248,
"HUN","EDUTRY","25_34","PC_AGE","A","2017",30.162258,
"HUN","EDUTRY","25_34","PC_AGE","A","2018",30.576908,
"ISL","EDUTRY","25_34","PC_AGE","A","2003",30.156946,
"ISL","EDUTRY","25_34","PC_AGE","A","2004",31.59227,
"ISL","EDUTRY","25_34","PC_AGE","A","2005",34.525562,
"ISL","EDUTRY","25_34","PC_AGE","A","2006",33.354519,
"ISL","EDUTRY","25_34","PC_AGE","A","2007",32.848091,
"ISL","EDUTRY","25_34","PC_AGE","A","2008",33.488125,
"ISL","EDUTRY","25_34","PC_AGE","A","2009",35.674942,
"ISL","EDUTRY","25_34","PC_AGE","A","2010",36.221165,
"ISL","EDUTRY","25_34","PC_AGE","A","2011",39.399517,
"ISL","EDUTRY","25_34","PC_AGE","A","2012",38.300404,
"ISL","EDUTRY","25_34","PC_AGE","A","2013",39.842556,
"ISL","EDUTRY","25_34","PC_AGE","A","2014",40.588055,
"ISL","EDUTRY","25_34","PC_AGE","A","2015",40.052662,
"ISL","EDUTRY","25_34","PC_AGE","A","2016",43.270977,
"ISL","EDUTRY","25_34","PC_AGE","A","2017",47.419262,
"ISL","EDUTRY","25_34","PC_AGE","A","2018",47.014381,
"IRL","EDUTRY","25_34","PC_AGE","A","1991",19.655025,
"IRL","EDUTRY","25_34","PC_AGE","A","1992",21.190042,
"IRL","EDUTRY","25_34","PC_AGE","A","1994",24.383839,
"IRL","EDUTRY","25_34","PC_AGE","A","1995",27.178671,
"IRL","EDUTRY","25_34","PC_AGE","A","2000",29.803612,
"IRL","EDUTRY","25_34","PC_AGE","A","2001",33.406429,
"IRL","EDUTRY","25_34","PC_AGE","A","2002",35.213902,
"IRL","EDUTRY","25_34","PC_AGE","A","2003",37.062382,
"IRL","EDUTRY","25_34","PC_AGE","A","2004",39.63393,
"IRL","EDUTRY","25_34","PC_AGE","A","2005",40.673939,
"IRL","EDUTRY","25_34","PC_AGE","A","2006",42.462822,
"IRL","EDUTRY","25_34","PC_AGE","A","2007",44.087189,
"IRL","EDUTRY","25_34","PC_AGE","A","2008",45.064747,
"IRL","EDUTRY","25_34","PC_AGE","A","2009",47.530376,
"IRL","EDUTRY","25_34","PC_AGE","A","2010",48.32497,
"IRL","EDUTRY","25_34","PC_AGE","A","2011",47.42931,
"IRL","EDUTRY","25_34","PC_AGE","A","2012",49.205013,
"IRL","EDUTRY","25_34","PC_AGE","A","2013",51.073551,
"IRL","EDUTRY","25_34","PC_AGE","A","2014",50.768299,
"IRL","EDUTRY","25_34","PC_AGE","A","2015",52.004166,
"IRL","EDUTRY","25_34","PC_AGE","A","2017",53.473541,
"IRL","EDUTRY","25_34","PC_AGE","A","2018",56.174488,
"ITA","EDUTRY","25_34","PC_AGE","A","1991",6.5751195,
"ITA","EDUTRY","25_34","PC_AGE","A","1992",6.7680349,
"ITA","EDUTRY","25_34","PC_AGE","A","1994",7.898859,
"ITA","EDUTRY","25_34","PC_AGE","A","1995",8.2170544,
"ITA","EDUTRY","25_34","PC_AGE","A","1998",8.9524889,
"ITA","EDUTRY","25_34","PC_AGE","A","1999",9.9974318,
"ITA","EDUTRY","25_34","PC_AGE","A","2000",10.429003,
"ITA","EDUTRY","25_34","PC_AGE","A","2001",11.754972,
"ITA","EDUTRY","25_34","PC_AGE","A","2002",12.461238,
"ITA","EDUTRY","25_34","PC_AGE","A","2003",12.695857,
"ITA","EDUTRY","25_34","PC_AGE","A","2004",14.792785,
"ITA","EDUTRY","25_34","PC_AGE","A","2005",16.105026,
"ITA","EDUTRY","25_34","PC_AGE","A","2006",17.283623,
"ITA","EDUTRY","25_34","PC_AGE","A","2007",18.863468,
"ITA","EDUTRY","25_34","PC_AGE","A","2008",19.90484,
"ITA","EDUTRY","25_34","PC_AGE","A","2009",20.160688,
"ITA","EDUTRY","25_34","PC_AGE","A","2010",20.719744,
"ITA","EDUTRY","25_34","PC_AGE","A","2011",20.983423,
"ITA","EDUTRY","25_34","PC_AGE","A","2012",22.250719,
"ITA","EDUTRY","25_34","PC_AGE","A","2013",22.744907,
"ITA","EDUTRY","25_34","PC_AGE","A","2014",24.158854,
"ITA","EDUTRY","25_34","PC_AGE","A","2015",25.149963,
"ITA","EDUTRY","25_34","PC_AGE","A","2016",25.584146,
"ITA","EDUTRY","25_34","PC_AGE","A","2017",26.816479,
"ITA","EDUTRY","25_34","PC_AGE","A","2018",27.726679,
"JPN","EDUTRY","25_34","PC_AGE","A","1997",45.744064,
"JPN","EDUTRY","25_34","PC_AGE","A","1998",46.062992,
"JPN","EDUTRY","25_34","PC_AGE","A","1999",45.76923,
"JPN","EDUTRY","25_34","PC_AGE","A","2000",47.844826,
"JPN","EDUTRY","25_34","PC_AGE","A","2001",48.525471,
"JPN","EDUTRY","25_34","PC_AGE","A","2002",50.993023,
"JPN","EDUTRY","25_34","PC_AGE","A","2003",51.645981,
"JPN","EDUTRY","25_34","PC_AGE","A","2004",52.640175,
"JPN","EDUTRY","25_34","PC_AGE","A","2005",53.185596,
"JPN","EDUTRY","25_34","PC_AGE","A","2006",54.074074,
"JPN","EDUTRY","25_34","PC_AGE","A","2007",53.696037,
"JPN","EDUTRY","25_34","PC_AGE","A","2008",55.060974,
"JPN","EDUTRY","25_34","PC_AGE","A","2009",55.667507,
"JPN","EDUTRY","25_34","PC_AGE","A","2010",56.70573,
"JPN","EDUTRY","25_34","PC_AGE","A","2011",58.721333,
"JPN","EDUTRY","25_34","PC_AGE","A","2012",58.554874,
"JPN","EDUTRY","25_34","PC_AGE","A","2013",58.368496,
"JPN","EDUTRY","25_34","PC_AGE","A","2014",58.585857,
"JPN","EDUTRY","25_34","PC_AGE","A","2015",59.646538,
"JPN","EDUTRY","25_34","PC_AGE","A","2016",60.120392,
"JPN","EDUTRY","25_34","PC_AGE","A","2017",60.426178,
"JPN","EDUTRY","25_34","PC_AGE","A","2018",60.730949,
"KOR","EDUTRY","25_34","PC_AGE","A","1995",28.806385,
"KOR","EDUTRY","25_34","PC_AGE","A","1997",30.871248,
"KOR","EDUTRY","25_34","PC_AGE","A","1998",33.83152,
"KOR","EDUTRY","25_34","PC_AGE","A","1999",34.837105,
"KOR","EDUTRY","25_34","PC_AGE","A","2000",36.81242,
"KOR","EDUTRY","25_34","PC_AGE","A","2001",38.955528,
"KOR","EDUTRY","25_34","PC_AGE","A","2002",41.017273,
"KOR","EDUTRY","25_34","PC_AGE","A","2003",46.514172,
"KOR","EDUTRY","25_34","PC_AGE","A","2004",49.056168,
"KOR","EDUTRY","25_34","PC_AGE","A","2005",50.858059,
"KOR","EDUTRY","25_34","PC_AGE","A","2006",52.953865,
"KOR","EDUTRY","25_34","PC_AGE","A","2007",55.490356,
"KOR","EDUTRY","25_34","PC_AGE","A","2008",57.842369,
"KOR","EDUTRY","25_34","PC_AGE","A","2009",60.575958,
"KOR","EDUTRY","25_34","PC_AGE","A","2010",61.449047,
"KOR","EDUTRY","25_34","PC_AGE","A","2011",63.734528,
"KOR","EDUTRY","25_34","PC_AGE","A","2012",65.603264,
"KOR","EDUTRY","25_34","PC_AGE","A","2013",67.088554,
"KOR","EDUTRY","25_34","PC_AGE","A","2014",67.665947,
"KOR","EDUTRY","25_34","PC_AGE","A","2015",68.861946,
"KOR","EDUTRY","25_34","PC_AGE","A","2016",69.851555,
"KOR","EDUTRY","25_34","PC_AGE","A","2017",69.752068,
"KOR","EDUTRY","25_34","PC_AGE","A","2018",69.574219,
"LUX","EDUTRY","25_34","PC_AGE","A","2000",22.884604,
"LUX","EDUTRY","25_34","PC_AGE","A","2005",37.013,
"LUX","EDUTRY","25_34","PC_AGE","A","2006",33.489594,
"LUX","EDUTRY","25_34","PC_AGE","A","2007",35.748882,
"LUX","EDUTRY","25_34","PC_AGE","A","2008",38.727974,
"LUX","EDUTRY","25_34","PC_AGE","A","2009",44.463192,
"LUX","EDUTRY","25_34","PC_AGE","A","2010",44.22842,
"LUX","EDUTRY","25_34","PC_AGE","A","2011",46.64621,
"LUX","EDUTRY","25_34","PC_AGE","A","2012",49.882286,
"LUX","EDUTRY","25_34","PC_AGE","A","2013",48.131443,
"LUX","EDUTRY","25_34","PC_AGE","A","2014",52.928135,
"LUX","EDUTRY","25_34","PC_AGE","A","2015",49.945854,
"LUX","EDUTRY","25_34","PC_AGE","A","2016",51.431648,
"LUX","EDUTRY","25_34","PC_AGE","A","2017",51.395588,
"LUX","EDUTRY","25_34","PC_AGE","A","2018",54.780186,
"MEX","EDUTRY","25_34","PC_AGE","A","1997",16.726521,
"MEX","EDUTRY","25_34","PC_AGE","A","1998",16.657288,
"MEX","EDUTRY","25_34","PC_AGE","A","1999",16.283022,
"MEX","EDUTRY","25_34","PC_AGE","A","2000",17.454798,
"MEX","EDUTRY","25_34","PC_AGE","A","2001",18.090631,
"MEX","EDUTRY","25_34","PC_AGE","A","2002",18.558001,
"MEX","EDUTRY","25_34","PC_AGE","A","2003",18.899502,
"MEX","EDUTRY","25_34","PC_AGE","A","2004",19.467903,
"MEX","EDUTRY","25_34","PC_AGE","A","2005",14.924469,
"MEX","EDUTRY","25_34","PC_AGE","A","2006",15.65289,
"MEX","EDUTRY","25_34","PC_AGE","A","2007",16.287527,
"MEX","EDUTRY","25_34","PC_AGE","A","2008",16.384148,
"MEX","EDUTRY","25_34","PC_AGE","A","2009",17.244875,
"MEX","EDUTRY","25_34","PC_AGE","A","2010",17.700443,
"MEX","EDUTRY","25_34","PC_AGE","A","2011",18.792442,
"MEX","EDUTRY","25_34","PC_AGE","A","2012",20.029097,
"MEX","EDUTRY","25_34","PC_AGE","A","2013",20.856949,
"MEX","EDUTRY","25_34","PC_AGE","A","2014",20.312202,
"MEX","EDUTRY","25_34","PC_AGE","A","2015",20.806568,
"MEX","EDUTRY","25_34","PC_AGE","A","2016",21.791378,
"MEX","EDUTRY","25_34","PC_AGE","A","2017",22.555721,
"MEX","EDUTRY","25_34","PC_AGE","A","2018",23.359127,
"NLD","EDUTRY","25_34","PC_AGE","A","1990",22.235529,
"NLD","EDUTRY","25_34","PC_AGE","A","1991",22.178684,
"NLD","EDUTRY","25_34","PC_AGE","A","1992",23.568111,
"NLD","EDUTRY","25_34","PC_AGE","A","1994",23.94747,
"NLD","EDUTRY","25_34","PC_AGE","A","1995",24.529028,
"NLD","EDUTRY","25_34","PC_AGE","A","1998",27.493156,
"NLD","EDUTRY","25_34","PC_AGE","A","2000",26.57077,
"NLD","EDUTRY","25_34","PC_AGE","A","2001",26.544241,
"NLD","EDUTRY","25_34","PC_AGE","A","2002",28.261511,
"NLD","EDUTRY","25_34","PC_AGE","A","2003",32.107986,
"NLD","EDUTRY","25_34","PC_AGE","A","2004",34.481209,
"NLD","EDUTRY","25_34","PC_AGE","A","2005",35.375629,
"NLD","EDUTRY","25_34","PC_AGE","A","2006",35.957436,
"NLD","EDUTRY","25_34","PC_AGE","A","2007",36.696419,
"NLD","EDUTRY","25_34","PC_AGE","A","2008",39.766335,
"NLD","EDUTRY","25_34","PC_AGE","A","2009",40.122009,
"NLD","EDUTRY","25_34","PC_AGE","A","2010",40.803711,
"NLD","EDUTRY","25_34","PC_AGE","A","2011",39.784946,
"NLD","EDUTRY","25_34","PC_AGE","A","2012",43.036243,
"NLD","EDUTRY","25_34","PC_AGE","A","2013",42.863594,
"NLD","EDUTRY","25_34","PC_AGE","A","2014",44.287262,
"NLD","EDUTRY","25_34","PC_AGE","A","2015",45.087276,
"NLD","EDUTRY","25_34","PC_AGE","A","2016",45.223412,
"NLD","EDUTRY","25_34","PC_AGE","A","2017",46.594383,
"NLD","EDUTRY","25_34","PC_AGE","A","2018",47.603172,
"NZL","EDUTRY","25_34","PC_AGE","A","2014",40.402225,
"NZL","EDUTRY","25_34","PC_AGE","A","2015",39.066757,
"NZL","EDUTRY","25_34","PC_AGE","A","2016",43.396225,
"NZL","EDUTRY","25_34","PC_AGE","A","2017",44.158596,
"NZL","EDUTRY","25_34","PC_AGE","A","2018",45.811745,
"NOR","EDUTRY","25_34","PC_AGE","A","1991",27.116802,
"NOR","EDUTRY","25_34","PC_AGE","A","1992",28.2314,
"NOR","EDUTRY","25_34","PC_AGE","A","1994",30.680782,
"NOR","EDUTRY","25_34","PC_AGE","A","1995",32.061005,
"NOR","EDUTRY","25_34","PC_AGE","A","2005",40.902966,
"NOR","EDUTRY","25_34","PC_AGE","A","2006",41.545238,
"NOR","EDUTRY","25_34","PC_AGE","A","2007",42.6511,
"NOR","EDUTRY","25_34","PC_AGE","A","2008",45.578697,
"NOR","EDUTRY","25_34","PC_AGE","A","2009",46.829773,
"NOR","EDUTRY","25_34","PC_AGE","A","2010",47.255039,
"NOR","EDUTRY","25_34","PC_AGE","A","2011",46.807133,
"NOR","EDUTRY","25_34","PC_AGE","A","2012",45.018452,
"NOR","EDUTRY","25_34","PC_AGE","A","2013",46.648712,
"NOR","EDUTRY","25_34","PC_AGE","A","2014",49.008167,
"NOR","EDUTRY","25_34","PC_AGE","A","2015",48.138676,
"NOR","EDUTRY","25_34","PC_AGE","A","2016",48.614609,
"NOR","EDUTRY","25_34","PC_AGE","A","2017",48.337029,
"NOR","EDUTRY","25_34","PC_AGE","A","2018",48.211601,
"POL","EDUTRY","25_34","PC_AGE","A","1995",14.571949,
"POL","EDUTRY","25_34","PC_AGE","A","1997",10.292628,
"POL","EDUTRY","25_34","PC_AGE","A","1998",11.840193,
"POL","EDUTRY","25_34","PC_AGE","A","1999",12.323113,
"POL","EDUTRY","25_34","PC_AGE","A","2000",14.184261,
"POL","EDUTRY","25_34","PC_AGE","A","2001",15.197033,
"POL","EDUTRY","25_34","PC_AGE","A","2002",16.765888,
"POL","EDUTRY","25_34","PC_AGE","A","2003",20.421402,
"POL","EDUTRY","25_34","PC_AGE","A","2004",23.180305,
"POL","EDUTRY","25_34","PC_AGE","A","2005",25.536215,
"POL","EDUTRY","25_34","PC_AGE","A","2006",28.039427,
"POL","EDUTRY","25_34","PC_AGE","A","2007",30.047649,
"POL","EDUTRY","25_34","PC_AGE","A","2008",32.133198,
"POL","EDUTRY","25_34","PC_AGE","A","2009",35.449848,
"POL","EDUTRY","25_34","PC_AGE","A","2010",37.126976,
"POL","EDUTRY","25_34","PC_AGE","A","2011",38.998249,
"POL","EDUTRY","25_34","PC_AGE","A","2012",40.798927,
"POL","EDUTRY","25_34","PC_AGE","A","2013",41.82151,
"POL","EDUTRY","25_34","PC_AGE","A","2014",42.60154,
"POL","EDUTRY","25_34","PC_AGE","A","2015",43.193764,
"POL","EDUTRY","25_34","PC_AGE","A","2016",43.47826,
"POL","EDUTRY","25_34","PC_AGE","A","2017",43.526325,
"POL","EDUTRY","25_34","PC_AGE","A","2018",43.523716,
"PRT","EDUTRY","25_34","PC_AGE","A","1994",13.214568,
"PRT","EDUTRY","25_34","PC_AGE","A","1995",13.511543,
"PRT","EDUTRY","25_34","PC_AGE","A","1998",11.514186,
"PRT","EDUTRY","25_34","PC_AGE","A","1999",12.265655,
"PRT","EDUTRY","25_34","PC_AGE","A","2000",12.948861,
"PRT","EDUTRY","25_34","PC_AGE","A","2001",14.205399,
"PRT","EDUTRY","25_34","PC_AGE","A","2002",15.375848,
"PRT","EDUTRY","25_34","PC_AGE","A","2003",16.865643,
"PRT","EDUTRY","25_34","PC_AGE","A","2004",18.580444,
"PRT","EDUTRY","25_34","PC_AGE","A","2005",19.114288,
"PRT","EDUTRY","25_34","PC_AGE","A","2006",20.043453,
"PRT","EDUTRY","25_34","PC_AGE","A","2007",21.415401,
"PRT","EDUTRY","25_34","PC_AGE","A","2008",23.173708,
"PRT","EDUTRY","25_34","PC_AGE","A","2009",23.341423,
"PRT","EDUTRY","25_34","PC_AGE","A","2010",24.804928,
"PRT","EDUTRY","25_34","PC_AGE","A","2011",26.924166,
"PRT","EDUTRY","25_34","PC_AGE","A","2012",28.331631,
"PRT","EDUTRY","25_34","PC_AGE","A","2013",29.313473,
"PRT","EDUTRY","25_34","PC_AGE","A","2014",31.439877,
"PRT","EDUTRY","25_34","PC_AGE","A","2015",33.139576,
"PRT","EDUTRY","25_34","PC_AGE","A","2016",34.964241,
"PRT","EDUTRY","25_34","PC_AGE","A","2017",34.031322,
"PRT","EDUTRY","25_34","PC_AGE","A","2018",35.078072,
"SVK","EDUTRY","25_34","PC_AGE","A","1997",10.418862,
"SVK","EDUTRY","25_34","PC_AGE","A","1998",11.257501,
"SVK","EDUTRY","25_34","PC_AGE","A","1999",11.119711,
"SVK","EDUTRY","25_34","PC_AGE","A","2000",11.197058,
"SVK","EDUTRY","25_34","PC_AGE","A","2001",11.86272,
"SVK","EDUTRY","25_34","PC_AGE","A","2002",11.88759,
"SVK","EDUTRY","25_34","PC_AGE","A","2003",13.217635,
"SVK","EDUTRY","25_34","PC_AGE","A","2004",14.276714,
"SVK","EDUTRY","25_34","PC_AGE","A","2005",16.254873,
"SVK","EDUTRY","25_34","PC_AGE","A","2006",16.639072,
"SVK","EDUTRY","25_34","PC_AGE","A","2007",17.470783,
"SVK","EDUTRY","25_34","PC_AGE","A","2008",18.438622,
"SVK","EDUTRY","25_34","PC_AGE","A","2009",20.587223,
"SVK","EDUTRY","25_34","PC_AGE","A","2010",24.029381,
"SVK","EDUTRY","25_34","PC_AGE","A","2011",25.505198,
"SVK","EDUTRY","25_34","PC_AGE","A","2012",26.97694,
"SVK","EDUTRY","25_34","PC_AGE","A","2013",29.674646,
"SVK","EDUTRY","25_34","PC_AGE","A","2014",29.826096,
"SVK","EDUTRY","25_34","PC_AGE","A","2015",31.312998,
"SVK","EDUTRY","25_34","PC_AGE","A","2016",33.372261,
"SVK","EDUTRY","25_34","PC_AGE","A","2017",35.065048,
"SVK","EDUTRY","25_34","PC_AGE","A","2018",37.208523,
"ESP","EDUTRY","25_34","PC_AGE","A","1991",16.346117,
"ESP","EDUTRY","25_34","PC_AGE","A","1992",22.494917,
"ESP","EDUTRY","25_34","PC_AGE","A","1994",25.177078,
"ESP","EDUTRY","25_34","PC_AGE","A","1995",26.606691,
"ESP","EDUTRY","25_34","PC_AGE","A","1997",29.557011,
"ESP","EDUTRY","25_34","PC_AGE","A","1998",31.182714,
"ESP","EDUTRY","25_34","PC_AGE","A","1999",32.381985,
"ESP","EDUTRY","25_34","PC_AGE","A","2000",33.978283,
"ESP","EDUTRY","25_34","PC_AGE","A","2001",35.42757,
"ESP","EDUTRY","25_34","PC_AGE","A","2002",37.484509,
"ESP","EDUTRY","25_34","PC_AGE","A","2003",37.90205,
"ESP","EDUTRY","25_34","PC_AGE","A","2004",38.99802,
"ESP","EDUTRY","25_34","PC_AGE","A","2005",40.703537,
"ESP","EDUTRY","25_34","PC_AGE","A","2006",40.32674,
"ESP","EDUTRY","25_34","PC_AGE","A","2007",40.025246,
"ESP","EDUTRY","25_34","PC_AGE","A","2008",40.047447,
"ESP","EDUTRY","25_34","PC_AGE","A","2009",39.458729,
"ESP","EDUTRY","25_34","PC_AGE","A","2010",40.312317,
"ESP","EDUTRY","25_34","PC_AGE","A","2011",40.311493,
"ESP","EDUTRY","25_34","PC_AGE","A","2012",40.386406,
"ESP","EDUTRY","25_34","PC_AGE","A","2013",41.089592,
"ESP","EDUTRY","25_34","PC_AGE","A","2014",41.477402,
"ESP","EDUTRY","25_34","PC_AGE","A","2015",40.959778,
"ESP","EDUTRY","25_34","PC_AGE","A","2016",40.980919,
"ESP","EDUTRY","25_34","PC_AGE","A","2017",42.644691,
"ESP","EDUTRY","25_34","PC_AGE","A","2018",44.259609,
"SWE","EDUTRY","25_34","PC_AGE","A","1991",25.728235,
"SWE","EDUTRY","25_34","PC_AGE","A","1992",26.544086,
"SWE","EDUTRY","25_34","PC_AGE","A","1994",27.306395,
"SWE","EDUTRY","25_34","PC_AGE","A","1995",28.587297,
"SWE","EDUTRY","25_34","PC_AGE","A","1997",29.33769,
"SWE","EDUTRY","25_34","PC_AGE","A","1998",30.726286,
"SWE","EDUTRY","25_34","PC_AGE","A","1999",31.740129,
"SWE","EDUTRY","25_34","PC_AGE","A","2000",33.639328,
"SWE","EDUTRY","25_34","PC_AGE","A","2001",36.882835,
"SWE","EDUTRY","25_34","PC_AGE","A","2002",39.169037,
"SWE","EDUTRY","25_34","PC_AGE","A","2003",40.438534,
"SWE","EDUTRY","25_34","PC_AGE","A","2004",42.302197,
"SWE","EDUTRY","25_34","PC_AGE","A","2005",37.286453,
"SWE","EDUTRY","25_34","PC_AGE","A","2006",39.131115,
"SWE","EDUTRY","25_34","PC_AGE","A","2007",39.952,
"SWE","EDUTRY","25_34","PC_AGE","A","2008",40.831505,
"SWE","EDUTRY","25_34","PC_AGE","A","2009",42.351131,
"SWE","EDUTRY","25_34","PC_AGE","A","2010",42.23127,
"SWE","EDUTRY","25_34","PC_AGE","A","2011",42.86599,
"SWE","EDUTRY","25_34","PC_AGE","A","2012",43.473869,
"SWE","EDUTRY","25_34","PC_AGE","A","2013",44.817905,
"SWE","EDUTRY","25_34","PC_AGE","A","2014",45.978123,
"SWE","EDUTRY","25_34","PC_AGE","A","2015",46.408928,
"SWE","EDUTRY","25_34","PC_AGE","A","2016",47.215698,
"SWE","EDUTRY","25_34","PC_AGE","A","2017",47.388306,
"SWE","EDUTRY","25_34","PC_AGE","A","2018",47.530075,
"CHE","EDUTRY","25_34","PC_AGE","A","1991",21.261631,
"CHE","EDUTRY","25_34","PC_AGE","A","1992",21.267817,
"CHE","EDUTRY","25_34","PC_AGE","A","1994",22.031065,
"CHE","EDUTRY","25_34","PC_AGE","A","1995",21.508133,
"CHE","EDUTRY","25_34","PC_AGE","A","1997",24.680222,
"CHE","EDUTRY","25_34","PC_AGE","A","1998",24.964743,
"CHE","EDUTRY","25_34","PC_AGE","A","1999",25.919964,
"CHE","EDUTRY","25_34","PC_AGE","A","2000",25.571112,
"CHE","EDUTRY","25_34","PC_AGE","A","2001",25.608202,
"CHE","EDUTRY","25_34","PC_AGE","A","2002",26.701601,
"CHE","EDUTRY","25_34","PC_AGE","A","2003",29.236425,
"CHE","EDUTRY","25_34","PC_AGE","A","2004",30.414423,
"CHE","EDUTRY","25_34","PC_AGE","A","2005",31.038237,
"CHE","EDUTRY","25_34","PC_AGE","A","2006",32.229095,
"CHE","EDUTRY","25_34","PC_AGE","A","2007",35.022648,
"CHE","EDUTRY","25_34","PC_AGE","A","2008",38.482616,
"CHE","EDUTRY","25_34","PC_AGE","A","2009",39.979767,
"CHE","EDUTRY","25_34","PC_AGE","A","2010",37.405544,
"CHE","EDUTRY","25_34","PC_AGE","A","2011",38.016293,
"CHE","EDUTRY","25_34","PC_AGE","A","2012",39.260506,
"CHE","EDUTRY","25_34","PC_AGE","A","2013",41.891548,
"CHE","EDUTRY","25_34","PC_AGE","A","2014",44.214348,
"CHE","EDUTRY","25_34","PC_AGE","A","2015",46.502586,
"CHE","EDUTRY","25_34","PC_AGE","A","2016",48.844658,
"CHE","EDUTRY","25_34","PC_AGE","A","2017",50.136665,
"CHE","EDUTRY","25_34","PC_AGE","A","2018",51.206909,
"TUR","EDUTRY","25_34","PC_AGE","A","1991",6.1471119,
"TUR","EDUTRY","25_34","PC_AGE","A","1992",5.5966425,
"TUR","EDUTRY","25_34","PC_AGE","A","1994",6.5780988,
"TUR","EDUTRY","25_34","PC_AGE","A","1995",7.5436859,
"TUR","EDUTRY","25_34","PC_AGE","A","1997",7.3224893,
"TUR","EDUTRY","25_34","PC_AGE","A","1998",7.8393312,
"TUR","EDUTRY","25_34","PC_AGE","A","1999",8.7134142,
"TUR","EDUTRY","25_34","PC_AGE","A","2000",8.8802376,
"TUR","EDUTRY","25_34","PC_AGE","A","2001",9.1435289,
"TUR","EDUTRY","25_34","PC_AGE","A","2002",10.491946,
"TUR","EDUTRY","25_34","PC_AGE","A","2003",11.389406,
"TUR","EDUTRY","25_34","PC_AGE","A","2004",11.481482,
"TUR","EDUTRY","25_34","PC_AGE","A","2005",12.508089,
"TUR","EDUTRY","25_34","PC_AGE","A","2006",13.459621,
"TUR","EDUTRY","25_34","PC_AGE","A","2007",14.199503,
"TUR","EDUTRY","25_34","PC_AGE","A","2008",15.463108,
"TUR","EDUTRY","25_34","PC_AGE","A","2009",16.639408,
"TUR","EDUTRY","25_34","PC_AGE","A","2010",17.447386,
"TUR","EDUTRY","25_34","PC_AGE","A","2011",18.87298,
"TUR","EDUTRY","25_34","PC_AGE","A","2012",20.998264,
"TUR","EDUTRY","25_34","PC_AGE","A","2013",22.456688,
"TUR","EDUTRY","25_34","PC_AGE","A","2014",24.793388,
"TUR","EDUTRY","25_34","PC_AGE","A","2015",27.517448,
"TUR","EDUTRY","25_34","PC_AGE","A","2016",30.456598,
"TUR","EDUTRY","25_34","PC_AGE","A","2017",31.588659,
"TUR","EDUTRY","25_34","PC_AGE","A","2018",33.280041,
"GBR","EDUTRY","25_34","PC_AGE","A","1997",24.681225,
"GBR","EDUTRY","25_34","PC_AGE","A","1998",25.98814,
"GBR","EDUTRY","25_34","PC_AGE","A","1999",27.681889,
"GBR","EDUTRY","25_34","PC_AGE","A","2000",28.901674,
"GBR","EDUTRY","25_34","PC_AGE","A","2001",30.066694,
"GBR","EDUTRY","25_34","PC_AGE","A","2002",31.410488,
"GBR","EDUTRY","25_34","PC_AGE","A","2003",33.321693,
"GBR","EDUTRY","25_34","PC_AGE","A","2004",34.897144,
"GBR","EDUTRY","25_34","PC_AGE","A","2005",35.345379,
"GBR","EDUTRY","25_34","PC_AGE","A","2006",41.8297,
"GBR","EDUTRY","25_34","PC_AGE","A","2007",43.08427,
"GBR","EDUTRY","25_34","PC_AGE","A","2008",43.337868,
"GBR","EDUTRY","25_34","PC_AGE","A","2009",45.283749,
"GBR","EDUTRY","25_34","PC_AGE","A","2010",46.046906,
"GBR","EDUTRY","25_34","PC_AGE","A","2011",46.910782,
"GBR","EDUTRY","25_34","PC_AGE","A","2012",47.860847,
"GBR","EDUTRY","25_34","PC_AGE","A","2013",48.31358,
"GBR","EDUTRY","25_34","PC_AGE","A","2014",49.185982,
"GBR","EDUTRY","25_34","PC_AGE","A","2015",49.943413,
"GBR","EDUTRY","25_34","PC_AGE","A","2016",51.775383,
"GBR","EDUTRY","25_34","PC_AGE","A","2017",51.624851,
"GBR","EDUTRY","25_34","PC_AGE","A","2018",50.752552,
"USA","EDUTRY","25_34","PC_AGE","A","1990",23.987495,
"USA","EDUTRY","25_34","PC_AGE","A","1991",23.758841,
"USA","EDUTRY","25_34","PC_AGE","A","1992",30.160175,
"USA","EDUTRY","25_34","PC_AGE","A","1993",31.726536,
"USA","EDUTRY","25_34","PC_AGE","A","1994",31.958218,
"USA","EDUTRY","25_34","PC_AGE","A","1995",33.599472,
"USA","EDUTRY","25_34","PC_AGE","A","1996",35.157932,
"USA","EDUTRY","25_34","PC_AGE","A","1997",35.704861,
"USA","EDUTRY","25_34","PC_AGE","A","1998",36.195801,
"USA","EDUTRY","25_34","PC_AGE","A","1999",37.368931,
"USA","EDUTRY","25_34","PC_AGE","A","2000",38.083973,
"USA","EDUTRY","25_34","PC_AGE","A","2001",38.717625,
"USA","EDUTRY","25_34","PC_AGE","A","2002",39.336624,
"USA","EDUTRY","25_34","PC_AGE","A","2003",38.652836,
"USA","EDUTRY","25_34","PC_AGE","A","2004",39.042027,
"USA","EDUTRY","25_34","PC_AGE","A","2005",39.363441,
"USA","EDUTRY","25_34","PC_AGE","A","2006",39.239269,
"USA","EDUTRY","25_34","PC_AGE","A","2007",40.386425,
"USA","EDUTRY","25_34","PC_AGE","A","2008",41.564896,
"USA","EDUTRY","25_34","PC_AGE","A","2009",41.056328,
"USA","EDUTRY","25_34","PC_AGE","A","2010",42.310982,
"USA","EDUTRY","25_34","PC_AGE","A","2011",43.132984,
"USA","EDUTRY","25_34","PC_AGE","A","2012",44.042595,
"USA","EDUTRY","25_34","PC_AGE","A","2013",44.779469,
"USA","EDUTRY","25_34","PC_AGE","A","2014",45.663815,
"USA","EDUTRY","25_34","PC_AGE","A","2015",46.517712,
"USA","EDUTRY","25_34","PC_AGE","A","2016",47.521809,
"USA","EDUTRY","25_34","PC_AGE","A","2017",47.757,
"USA","EDUTRY","25_34","PC_AGE","A","2018",49.373737,
"ARG","EDUTRY","25_34","PC_AGE","A","2004",16.310043,
"ARG","EDUTRY","25_34","PC_AGE","A","2005",16.823986,
"ARG","EDUTRY","25_34","PC_AGE","A","2006",17.251774,
"ARG","EDUTRY","25_34","PC_AGE","A","2008",19.261948,
"ARG","EDUTRY","25_34","PC_AGE","A","2009",19.39183,
"ARG","EDUTRY","25_34","PC_AGE","A","2011",19.978302,
"ARG","EDUTRY","25_34","PC_AGE","A","2012",19.89847,
"ARG","EDUTRY","25_34","PC_AGE","A","2013",19.331865,
"ARG","EDUTRY","25_34","PC_AGE","A","2014",18.801071,
"ARG","EDUTRY","25_34","PC_AGE","A","2017",18.388876,
"ARG","EDUTRY","25_34","PC_AGE","A","2018",39.957542,
"BRA","EDUTRY","25_34","PC_AGE","A","2007",10.035432,
"BRA","EDUTRY","25_34","PC_AGE","A","2008",11.000713,
"BRA","EDUTRY","25_34","PC_AGE","A","2009",11.575587,
"BRA","EDUTRY","25_34","PC_AGE","A","2011",12.742485,
"BRA","EDUTRY","25_34","PC_AGE","A","2012",14.51143,
"BRA","EDUTRY","25_34","PC_AGE","A","2013",15.2918,
"BRA","EDUTRY","25_34","PC_AGE","A","2014",16.276585,
"BRA","EDUTRY","25_34","PC_AGE","A","2015",16.62822,
"BRA","EDUTRY","25_34","PC_AGE","A","2016",19.731018,
"BRA","EDUTRY","25_34","PC_AGE","A","2017",19.613668,
"BRA","EDUTRY","25_34","PC_AGE","A","2018",21.314569,
"CHL","EDUTRY","25_34","PC_AGE","A","2009",21.646658,
"CHL","EDUTRY","25_34","PC_AGE","A","2011",22.483852,
"CHL","EDUTRY","25_34","PC_AGE","A","2013",27.27248,
"CHL","EDUTRY","25_34","PC_AGE","A","2015",29.874573,
"CHL","EDUTRY","25_34","PC_AGE","A","2017",33.726387,
"CHN","EDUTRY","25_34","PC_AGE","A","2010",17.948812,
"EST","EDUTRY","25_34","PC_AGE","A","1997",30.224184,
"EST","EDUTRY","25_34","PC_AGE","A","1998",29.34997,
"EST","EDUTRY","25_34","PC_AGE","A","1999",28.589798,
"EST","EDUTRY","25_34","PC_AGE","A","2000",28.721388,
"EST","EDUTRY","25_34","PC_AGE","A","2001",27.28639,
"EST","EDUTRY","25_34","PC_AGE","A","2002",26.233803,
"EST","EDUTRY","25_34","PC_AGE","A","2003",27.367912,
"EST","EDUTRY","25_34","PC_AGE","A","2004",27.564163,
"EST","EDUTRY","25_34","PC_AGE","A","2005",32.912037,
"EST","EDUTRY","25_34","PC_AGE","A","2006",34.418907,
"EST","EDUTRY","25_34","PC_AGE","A","2007",34.382347,
"EST","EDUTRY","25_34","PC_AGE","A","2008",35.746883,
"EST","EDUTRY","25_34","PC_AGE","A","2009",36.644875,
"EST","EDUTRY","25_34","PC_AGE","A","2010",38.010132,
"EST","EDUTRY","25_34","PC_AGE","A","2011",38.927837,
"EST","EDUTRY","25_34","PC_AGE","A","2012",40.079975,
"EST","EDUTRY","25_34","PC_AGE","A","2013",40.439819,
"EST","EDUTRY","25_34","PC_AGE","A","2014",40.421608,
"EST","EDUTRY","25_34","PC_AGE","A","2015",40.508533,
"EST","EDUTRY","25_34","PC_AGE","A","2016",41.048111,
"EST","EDUTRY","25_34","PC_AGE","A","2017",43.041157,
"EST","EDUTRY","25_34","PC_AGE","A","2018",43.633705,
"IND","EDUTRY","25_34","PC_AGE","A","2011",13.899584,
"IDN","EDUTRY","25_34","PC_AGE","A","2004",10.607051,
"IDN","EDUTRY","25_34","PC_AGE","A","2005",6.0906754,
"IDN","EDUTRY","25_34","PC_AGE","A","2006",7.211904,
"IDN","EDUTRY","25_34","PC_AGE","A","2007",8.3086014,
"IDN","EDUTRY","25_34","PC_AGE","A","2008",7.8547144,
"IDN","EDUTRY","25_34","PC_AGE","A","2009",9.0847845,
"IDN","EDUTRY","25_34","PC_AGE","A","2010",9.6603518,
"IDN","EDUTRY","25_34","PC_AGE","A","2011",10.275131,
"IDN","EDUTRY","25_34","PC_AGE","A","2012",11.456944,
"IDN","EDUTRY","25_34","PC_AGE","A","2013",11.93277,
"IDN","EDUTRY","25_34","PC_AGE","A","2014",12.44546,
"IDN","EDUTRY","25_34","PC_AGE","A","2015",13.734091,
"IDN","EDUTRY","25_34","PC_AGE","A","2016",15.066395,
"IDN","EDUTRY","25_34","PC_AGE","A","2017",16.130028,
"ISR","EDUTRY","25_34","PC_AGE","A","2002",40.745598,
"ISR","EDUTRY","25_34","PC_AGE","A","2003",41.953953,
"ISR","EDUTRY","25_34","PC_AGE","A","2005",42.927929,
"ISR","EDUTRY","25_34","PC_AGE","A","2007",41.547859,
"ISR","EDUTRY","25_34","PC_AGE","A","2008",42.284912,
"ISR","EDUTRY","25_34","PC_AGE","A","2009",42.920982,
"ISR","EDUTRY","25_34","PC_AGE","A","2010",44.216198,
"ISR","EDUTRY","25_34","PC_AGE","A","2011",45.042313,
"ISR","EDUTRY","25_34","PC_AGE","A","2012",44.498508,
"ISR","EDUTRY","25_34","PC_AGE","A","2013",44.848808,
"ISR","EDUTRY","25_34","PC_AGE","A","2014",46.005543,
"ISR","EDUTRY","25_34","PC_AGE","A","2015",45.897861,
"ISR","EDUTRY","25_34","PC_AGE","A","2016",47.449234,
"ISR","EDUTRY","25_34","PC_AGE","A","2017",48.028301,
"ISR","EDUTRY","25_34","PC_AGE","A","2018",47.1143,
"RUS","EDUTRY","25_34","PC_AGE","A","2010",52.537052,
"RUS","EDUTRY","25_34","PC_AGE","A","2011",53.268311,
"RUS","EDUTRY","25_34","PC_AGE","A","2012",53.534069,
"RUS","EDUTRY","25_34","PC_AGE","A","2013",54.66906,
"RUS","EDUTRY","25_34","PC_AGE","A","2014",55.64846,
"RUS","EDUTRY","25_34","PC_AGE","A","2015",56.2855,
"RUS","EDUTRY","25_34","PC_AGE","A","2016",57.57906,
"RUS","EDUTRY","25_34","PC_AGE","A","2017",62.657864,
"RUS","EDUTRY","25_34","PC_AGE","A","2018",62.09024,
"SAU","EDUTRY","25_34","PC_AGE","A","2014",25.762745,
"SVN","EDUTRY","25_34","PC_AGE","A","2000",19.301691,
"SVN","EDUTRY","25_34","PC_AGE","A","2002",19.680832,
"SVN","EDUTRY","25_34","PC_AGE","A","2003",23.663876,
"SVN","EDUTRY","25_34","PC_AGE","A","2004",24.868273,
"SVN","EDUTRY","25_34","PC_AGE","A","2005",24.686516,
"SVN","EDUTRY","25_34","PC_AGE","A","2006",27.004595,
"SVN","EDUTRY","25_34","PC_AGE","A","2007",30.066837,
"SVN","EDUTRY","25_34","PC_AGE","A","2008",30.041327,
"SVN","EDUTRY","25_34","PC_AGE","A","2009",30.383877,
"SVN","EDUTRY","25_34","PC_AGE","A","2010",31.307655,
"SVN","EDUTRY","25_34","PC_AGE","A","2011",33.815281,
"SVN","EDUTRY","25_34","PC_AGE","A","2012",35.340069,
"SVN","EDUTRY","25_34","PC_AGE","A","2013",37.393593,
"SVN","EDUTRY","25_34","PC_AGE","A","2014",38.080215,
"SVN","EDUTRY","25_34","PC_AGE","A","2015",40.758549,
"SVN","EDUTRY","25_34","PC_AGE","A","2016",42.977364,
"SVN","EDUTRY","25_34","PC_AGE","A","2017",44.566971,
"SVN","EDUTRY","25_34","PC_AGE","A","2018",40.713264,
"ZAF","EDUTRY","25_34","PC_AGE","A","2008",3.4324658,
"ZAF","EDUTRY","25_34","PC_AGE","A","2009",3.3635628,
"ZAF","EDUTRY","25_34","PC_AGE","A","2010",3.5694432,
"ZAF","EDUTRY","25_34","PC_AGE","A","2011",3.758471,
"ZAF","EDUTRY","25_34","PC_AGE","A","2012",3.9811528,
"ZAF","EDUTRY","25_34","PC_AGE","A","2013",5.0130696,
"ZAF","EDUTRY","25_34","PC_AGE","A","2014",5.2136846,
"ZAF","EDUTRY","25_34","PC_AGE","A","2015",5.4170251,
"ZAF","EDUTRY","25_34","PC_AGE","A","2016",5.4059763,
"ZAF","EDUTRY","25_34","PC_AGE","A","2017",6.0091648,
"ZAF","EDUTRY","25_34","PC_AGE","A","2018",5.5689878,
"OAVG","EDUTRY","25_34","PC_AGE","A","1998",23.561205,
"OAVG","EDUTRY","25_34","PC_AGE","A","1999",24.00555,
"OAVG","EDUTRY","25_34","PC_AGE","A","2000",26.096052,
"OAVG","EDUTRY","25_34","PC_AGE","A","2001",26.513426,
"OAVG","EDUTRY","25_34","PC_AGE","A","2002",27.809536,
"OAVG","EDUTRY","25_34","PC_AGE","A","2003",29.578597,
"OAVG","EDUTRY","25_34","PC_AGE","A","2004",30.489276,
"OAVG","EDUTRY","25_34","PC_AGE","A","2005",32.171153,
"OAVG","EDUTRY","25_34","PC_AGE","A","2006",32.872165,
"OAVG","EDUTRY","25_34","PC_AGE","A","2007",33.939486,
"OAVG","EDUTRY","25_34","PC_AGE","A","2008",35.17839,
"OAVG","EDUTRY","25_34","PC_AGE","A","2009",36.260694,
"OAVG","EDUTRY","25_34","PC_AGE","A","2010",37.418452,
"OAVG","EDUTRY","25_34","PC_AGE","A","2011",37.943478,
"OAVG","EDUTRY","25_34","PC_AGE","A","2012",39.672809,
"OAVG","EDUTRY","25_34","PC_AGE","A","2013",40.224625,
"OAVG","EDUTRY","25_34","PC_AGE","A","2014",41.12357,
"OAVG","EDUTRY","25_34","PC_AGE","A","2015",41.410808,
"OAVG","EDUTRY","25_34","PC_AGE","A","2016",42.541551,
"OAVG","EDUTRY","25_34","PC_AGE","A","2017",43.296392,
"OAVG","EDUTRY","25_34","PC_AGE","A","2018",44.128715,
"LVA","EDUTRY","25_34","PC_AGE","A","1996",16.065655,
"LVA","EDUTRY","25_34","PC_AGE","A","1997",15.154152,
"LVA","EDUTRY","25_34","PC_AGE","A","1998",16.883196,
"LVA","EDUTRY","25_34","PC_AGE","A","1999",16.481644,
"LVA","EDUTRY","25_34","PC_AGE","A","2000",17.292057,
"LVA","EDUTRY","25_34","PC_AGE","A","2001",16.561207,
"LVA","EDUTRY","25_34","PC_AGE","A","2002",17.257517,
"LVA","EDUTRY","25_34","PC_AGE","A","2003",18.489712,
"LVA","EDUTRY","25_34","PC_AGE","A","2004",19.741457,
"LVA","EDUTRY","25_34","PC_AGE","A","2005",21.733368,
"LVA","EDUTRY","25_34","PC_AGE","A","2006",23.018604,
"LVA","EDUTRY","25_34","PC_AGE","A","2007",25.688435,
"LVA","EDUTRY","25_34","PC_AGE","A","2008",28.819571,
"LVA","EDUTRY","25_34","PC_AGE","A","2009",31.628628,
"LVA","EDUTRY","25_34","PC_AGE","A","2010",34.697613,
"LVA","EDUTRY","25_34","PC_AGE","A","2011",35.106369,
"LVA","EDUTRY","25_34","PC_AGE","A","2012",38.724171,
"LVA","EDUTRY","25_34","PC_AGE","A","2013",40.700375,
"LVA","EDUTRY","25_34","PC_AGE","A","2014",39.436726,
"LVA","EDUTRY","25_34","PC_AGE","A","2015",39.870365,
"LVA","EDUTRY","25_34","PC_AGE","A","2016",42.097309,
"LVA","EDUTRY","25_34","PC_AGE","A","2017",41.608852,
"LVA","EDUTRY","25_34","PC_AGE","A","2018",41.648941,
"COL","EDUTRY","25_34","PC_AGE","A","2014",27.735731,
"COL","EDUTRY","25_34","PC_AGE","A","2015",27.445988,
"COL","EDUTRY","25_34","PC_AGE","A","2016",28.074512,
"COL","EDUTRY","25_34","PC_AGE","A","2017",28.106581,
"COL","EDUTRY","25_34","PC_AGE","A","2018",28.959703,
"LTU","EDUTRY","25_34","PC_AGE","A","2000",39.739216,
"LTU","EDUTRY","25_34","PC_AGE","A","2005",36.882675,
"LTU","EDUTRY","25_34","PC_AGE","A","2006",38.863228,
"LTU","EDUTRY","25_34","PC_AGE","A","2007",38.886436,
"LTU","EDUTRY","25_34","PC_AGE","A","2008",41.594246,
"LTU","EDUTRY","25_34","PC_AGE","A","2009",43.724075,
"LTU","EDUTRY","25_34","PC_AGE","A","2010",46.317448,
"LTU","EDUTRY","25_34","PC_AGE","A","2011",48.213768,
"LTU","EDUTRY","25_34","PC_AGE","A","2012",48.577328,
"LTU","EDUTRY","25_34","PC_AGE","A","2013",50.487457,
"LTU","EDUTRY","25_34","PC_AGE","A","2014",52.552208,
"LTU","EDUTRY","25_34","PC_AGE","A","2015",54.769646,
"LTU","EDUTRY","25_34","PC_AGE","A","2016",54.926018,
"LTU","EDUTRY","25_34","PC_AGE","A","2017",55.625957,
"LTU","EDUTRY","25_34","PC_AGE","A","2018",55.581402,
"CRI","EDUTRY","25_34","PC_AGE","A","1990",13.65905,
"CRI","EDUTRY","25_34","PC_AGE","A","1991",11.713379,
"CRI","EDUTRY","25_34","PC_AGE","A","1992",13.016918,
"CRI","EDUTRY","25_34","PC_AGE","A","1993",14.776011,
"CRI","EDUTRY","25_34","PC_AGE","A","1994",15.368069,
"CRI","EDUTRY","25_34","PC_AGE","A","1995",15.571484,
"CRI","EDUTRY","25_34","PC_AGE","A","1996",14.322502,
"CRI","EDUTRY","25_34","PC_AGE","A","1997",15.969932,
"CRI","EDUTRY","25_34","PC_AGE","A","1998",18.158443,
"CRI","EDUTRY","25_34","PC_AGE","A","1999",18.984701,
"CRI","EDUTRY","25_34","PC_AGE","A","2000",17.537357,
"CRI","EDUTRY","25_34","PC_AGE","A","2001",19.135366,
"CRI","EDUTRY","25_34","PC_AGE","A","2002",21.247219,
"CRI","EDUTRY","25_34","PC_AGE","A","2003",21.351034,
"CRI","EDUTRY","25_34","PC_AGE","A","2004",23.304853,
"CRI","EDUTRY","25_34","PC_AGE","A","2005",24.05043,
"CRI","EDUTRY","25_34","PC_AGE","A","2006",24.181473,
"CRI","EDUTRY","25_34","PC_AGE","A","2007",25.451525,
"CRI","EDUTRY","25_34","PC_AGE","A","2008",25.61059,
"CRI","EDUTRY","25_34","PC_AGE","A","2009",29.029856,
"CRI","EDUTRY","25_34","PC_AGE","A","2010",26.131706,
"CRI","EDUTRY","25_34","PC_AGE","A","2011",25.650885,
"CRI","EDUTRY","25_34","PC_AGE","A","2012",28.863514,
"CRI","EDUTRY","25_34","PC_AGE","A","2013",28.275383,
"CRI","EDUTRY","25_34","PC_AGE","A","2014",28.704456,
"CRI","EDUTRY","25_34","PC_AGE","A","2015",28.331566,
"CRI","EDUTRY","25_34","PC_AGE","A","2016",28.922903,
"CRI","EDUTRY","25_34","PC_AGE","A","2017",28.004108,
"CRI","EDUTRY","25_34","PC_AGE","A","2018",27.815552,
"G20","EDUTRY","25_34","PC_AGE","A","2010",34.376419,
"G20","EDUTRY","25_34","PC_AGE","A","2011",33.548061,
