LOCATION,INDICATOR,SUBJECT,MEASURE,FREQUENCY,TIME,Value,Flag Codes
AUS,HHDI,NET,AGRWTH,A,1970,5.301903942,
AUS,HHDI,NET,AGRWTH,A,1971,4.221819402,
AUS,HHDI,NET,AGRWTH,A,1972,7.143522065,
AUS,HHDI,NET,AGRWTH,A,1973,8.103560276,
AUS,HHDI,NET,AGRWTH,A,1974,4.279531014,
AUS,HHDI,NET,AGRWTH,A,1975,0.991333938,
AUS,HHDI,NET,AGRWTH,A,1976,3.219336945,
AUS,HHDI,NET,AGRWTH,A,1977,1.030623431,
AUS,HHDI,NET,AGRWTH,A,1978,3.29487556,
AUS,HHDI,NET,AGRWTH,A,1979,0.646679044,
AUS,HHDI,NET,AGRWTH,A,1980,3.614571104,
AUS,HHDI,NET,AGRWTH,A,1981,4.636848957,
AUS,HHDI,NET,AGRWTH,A,1982,-0.332056688,
AUS,HHDI,NET,AGRWTH,A,1983,3.684286284,
AUS,HHDI,NET,AGRWTH,A,1984,2.354386649,
AUS,HHDI,NET,AGRWTH,A,1985,3.11919236,
AUS,HHDI,NET,AGRWTH,A,1986,-0.546002526,
AUS,HHDI,NET,AGRWTH,A,1987,1.979263373,
AUS,HHDI,NET,AGRWTH,A,1988,5.147908173,
AUS,HHDI,NET,AGRWTH,A,1989,4.147613552,
AUS,HHDI,NET,AGRWTH,A,1990,0.722754844,
AUS,HHDI,NET,AGRWTH,A,1991,0.683594346,
AUS,HHDI,NET,AGRWTH,A,1992,1.923939109,
AUS,HHDI,NET,AGRWTH,A,1993,1.845477574,
AUS,HHDI,NET,AGRWTH,A,1994,3.785890023,
AUS,HHDI,NET,AGRWTH,A,1995,3.720377905,
AUS,HHDI,NET,AGRWTH,A,1996,3.983066131,
AUS,HHDI,NET,AGRWTH,A,1997,2.517080116,
AUS,HHDI,NET,AGRWTH,A,1998,4.026674807,
AUS,HHDI,NET,AGRWTH,A,1999,3.840950322,
AUS,HHDI,NET,AGRWTH,A,2000,3.766769286,
AUS,HHDI,NET,AGRWTH,A,2001,4.364738007,
AUS,HHDI,NET,AGRWTH,A,2002,0.020744074,
AUS,HHDI,NET,AGRWTH,A,2003,6.057189215,
AUS,HHDI,NET,AGRWTH,A,2004,5.526516444,
AUS,HHDI,NET,AGRWTH,A,2005,2.350808355,
AUS,HHDI,NET,AGRWTH,A,2006,5.164121802,
AUS,HHDI,NET,AGRWTH,A,2007,6.346342993,
AUS,HHDI,NET,AGRWTH,A,2008,7.246704785,
AUS,HHDI,NET,AGRWTH,A,2009,1.045632977,
AUS,HHDI,NET,AGRWTH,A,2010,5.550969315,
AUS,HHDI,NET,AGRWTH,A,2011,3.030991288,
AUS,HHDI,NET,AGRWTH,A,2012,0.33793795,
AUS,HHDI,NET,AGRWTH,A,2013,2.63363683,
AUS,HHDI,NET,AGRWTH,A,2014,2.620404645,
AUS,HHDI,NET,AGRWTH,A,2015,1.331200188,
AUS,HHDI,NET,AGRWTH,A,2016,2.061030402,
AUS,HHDI,NET,AGRWTH,A,2017,2.089534452,
AUS,HHDI,NET,AGRWTH,A,2018,1.981831789,
AUS,HHDI,NET,AGRWTH,A,2019,4.389411535,
AUT,HHDI,NET,AGRWTH,A,1996,-0.000735333,
AUT,HHDI,NET,AGRWTH,A,1997,-0.274992905,
AUT,HHDI,NET,AGRWTH,A,1998,2.959814021,
AUT,HHDI,NET,AGRWTH,A,1999,3.887888929,
AUT,HHDI,NET,AGRWTH,A,2000,1.523665945,
AUT,HHDI,NET,AGRWTH,A,2001,-0.439763065,
AUT,HHDI,NET,AGRWTH,A,2002,1.369142315,
AUT,HHDI,NET,AGRWTH,A,2003,1.937222304,
AUT,HHDI,NET,AGRWTH,A,2004,1.749310076,
AUT,HHDI,NET,AGRWTH,A,2005,3.834488707,
AUT,HHDI,NET,AGRWTH,A,2006,2.821900208,
AUT,HHDI,NET,AGRWTH,A,2007,2.377559797,
AUT,HHDI,NET,AGRWTH,A,2008,1.245429921,
AUT,HHDI,NET,AGRWTH,A,2009,-0.033916926,
AUT,HHDI,NET,AGRWTH,A,2010,-0.686218359,
AUT,HHDI,NET,AGRWTH,A,2011,-0.336051866,
AUT,HHDI,NET,AGRWTH,A,2012,1.395323829,
AUT,HHDI,NET,AGRWTH,A,2013,-1.384006127,
AUT,HHDI,NET,AGRWTH,A,2014,0.834532073,
AUT,HHDI,NET,AGRWTH,A,2015,-0.049756948,
AUT,HHDI,NET,AGRWTH,A,2016,2.596186085,
AUT,HHDI,NET,AGRWTH,A,2017,1.495674997,
AUT,HHDI,NET,AGRWTH,A,2018,1.379668344,
AUT,HHDI,NET,AGRWTH,A,2019,1.473993917,
BEL,HHDI,NET,AGRWTH,A,1996,0.193199405,
BEL,HHDI,NET,AGRWTH,A,1997,0.766898625,
BEL,HHDI,NET,AGRWTH,A,1998,2.147171493,
BEL,HHDI,NET,AGRWTH,A,1999,2.251065224,
BEL,HHDI,NET,AGRWTH,A,2000,1.426808037,
BEL,HHDI,NET,AGRWTH,A,2001,2.320816364,
BEL,HHDI,NET,AGRWTH,A,2002,0.604388774,
BEL,HHDI,NET,AGRWTH,A,2003,0.341521207,
BEL,HHDI,NET,AGRWTH,A,2004,0.275881968,
BEL,HHDI,NET,AGRWTH,A,2005,0.931724371,
BEL,HHDI,NET,AGRWTH,A,2006,2.273975854,
BEL,HHDI,NET,AGRWTH,A,2007,2.384170637,
BEL,HHDI,NET,AGRWTH,A,2008,2.240709645,
BEL,HHDI,NET,AGRWTH,A,2009,1.007970533,
BEL,HHDI,NET,AGRWTH,A,2010,-0.555288044,
BEL,HHDI,NET,AGRWTH,A,2011,0.305665429,
BEL,HHDI,NET,AGRWTH,A,2012,0.853932219,
BEL,HHDI,NET,AGRWTH,A,2013,0.356487975,
BEL,HHDI,NET,AGRWTH,A,2014,0.668276978,
BEL,HHDI,NET,AGRWTH,A,2015,0.790981326,
BEL,HHDI,NET,AGRWTH,A,2016,1.61350309,
BEL,HHDI,NET,AGRWTH,A,2017,1.681111572,
BEL,HHDI,NET,AGRWTH,A,2018,1.055786422,
BEL,HHDI,NET,AGRWTH,A,2019,2.646321407,
CAN,HHDI,NET,AGRWTH,A,1994,0.315089688,E
CAN,HHDI,NET,AGRWTH,A,1995,0.670419839,E
CAN,HHDI,NET,AGRWTH,A,1996,0.233343852,E
CAN,HHDI,NET,AGRWTH,A,1997,2.121744812,E
CAN,HHDI,NET,AGRWTH,A,1998,3.111415322,E
CAN,HHDI,NET,AGRWTH,A,1999,3.398655271,E
CAN,HHDI,NET,AGRWTH,A,2000,3.456222776,E
CAN,HHDI,NET,AGRWTH,A,2001,3.802446406,E
CAN,HHDI,NET,AGRWTH,A,2002,2.158495065,E
CAN,HHDI,NET,AGRWTH,A,2003,1.53415846,E
CAN,HHDI,NET,AGRWTH,A,2004,3.30766982,E
CAN,HHDI,NET,AGRWTH,A,2005,1.859973543,E
CAN,HHDI,NET,AGRWTH,A,2006,5.290220381,E
CAN,HHDI,NET,AGRWTH,A,2007,3.441749119,E
CAN,HHDI,NET,AGRWTH,A,2008,3.832870472,E
CAN,HHDI,NET,AGRWTH,A,2009,2.05641448,E
CAN,HHDI,NET,AGRWTH,A,2010,3.412242101,E
CAN,HHDI,NET,AGRWTH,A,2011,1.574494546,E
CAN,HHDI,NET,AGRWTH,A,2012,2.209007341,E
CAN,HHDI,NET,AGRWTH,A,2013,2.195187281,E
CAN,HHDI,NET,AGRWTH,A,2014,1.136920979,E
CAN,HHDI,NET,AGRWTH,A,2015,2.940086461,E
CAN,HHDI,NET,AGRWTH,A,2016,-0.013797324,E
CAN,HHDI,NET,AGRWTH,A,2017,3.633586477,E
CAN,HHDI,NET,AGRWTH,A,2018,1.815809114,E
CAN,HHDI,NET,AGRWTH,A,2019,2.106430507,E
CZE,HHDI,NET,AGRWTH,A,1996,7.235558289,
CZE,HHDI,NET,AGRWTH,A,1997,2.258043472,
CZE,HHDI,NET,AGRWTH,A,1998,-1.248577268,
CZE,HHDI,NET,AGRWTH,A,1999,2.221764223,
CZE,HHDI,NET,AGRWTH,A,2000,2.081171409,
CZE,HHDI,NET,AGRWTH,A,2001,3.567636449,
CZE,HHDI,NET,AGRWTH,A,2002,4.552385699,
CZE,HHDI,NET,AGRWTH,A,2003,4.476772951,
CZE,HHDI,NET,AGRWTH,A,2004,1.626080797,
CZE,HHDI,NET,AGRWTH,A,2005,3.648310936,
CZE,HHDI,NET,AGRWTH,A,2006,4.068274978,
CZE,HHDI,NET,AGRWTH,A,2007,2.865046516,
CZE,HHDI,NET,AGRWTH,A,2008,2.121641525,
CZE,HHDI,NET,AGRWTH,A,2009,2.225806236,
CZE,HHDI,NET,AGRWTH,A,2010,0.770889448,
CZE,HHDI,NET,AGRWTH,A,2011,-1.193716733,
CZE,HHDI,NET,AGRWTH,A,2012,-0.729794153,
CZE,HHDI,NET,AGRWTH,A,2013,-0.106100759,
CZE,HHDI,NET,AGRWTH,A,2014,2.51201199,
CZE,HHDI,NET,AGRWTH,A,2015,3.092979068,
CZE,HHDI,NET,AGRWTH,A,2016,2.929943796,
CZE,HHDI,NET,AGRWTH,A,2017,4.45615643,
CZE,HHDI,NET,AGRWTH,A,2018,3.910692982,
CZE,HHDI,NET,AGRWTH,A,2019,3.203633593,
DNK,HHDI,NET,AGRWTH,A,1996,0.925741759,
DNK,HHDI,NET,AGRWTH,A,1997,-0.420027617,
DNK,HHDI,NET,AGRWTH,A,1998,3.04255456,
DNK,HHDI,NET,AGRWTH,A,1999,-0.867491085,
DNK,HHDI,NET,AGRWTH,A,2000,1.129535506,
DNK,HHDI,NET,AGRWTH,A,2001,3.410048871,
DNK,HHDI,NET,AGRWTH,A,2002,2.95684064,
DNK,HHDI,NET,AGRWTH,A,2003,2.037046441,
DNK,HHDI,NET,AGRWTH,A,2004,2.181613042,
DNK,HHDI,NET,AGRWTH,A,2005,2.14521374,
DNK,HHDI,NET,AGRWTH,A,2006,2.419719708,
DNK,HHDI,NET,AGRWTH,A,2007,-0.192232912,
DNK,HHDI,NET,AGRWTH,A,2008,0.386922033,
DNK,HHDI,NET,AGRWTH,A,2009,2.711610928,
DNK,HHDI,NET,AGRWTH,A,2010,3.351364525,
DNK,HHDI,NET,AGRWTH,A,2011,0.881886052,
DNK,HHDI,NET,AGRWTH,A,2012,-0.074168626,
DNK,HHDI,NET,AGRWTH,A,2013,1.126091625,
DNK,HHDI,NET,AGRWTH,A,2014,1.514443196,
DNK,HHDI,NET,AGRWTH,A,2015,3.587121029,
DNK,HHDI,NET,AGRWTH,A,2016,3.36022063,
DNK,HHDI,NET,AGRWTH,A,2017,1.783554326,
DNK,HHDI,NET,AGRWTH,A,2018,1.763363865,
DNK,HHDI,NET,AGRWTH,A,2019,1.665082757,
FIN,HHDI,NET,AGRWTH,A,1981,1.243015897,
FIN,HHDI,NET,AGRWTH,A,1982,4.806938774,
FIN,HHDI,NET,AGRWTH,A,1983,4.306029818,
FIN,HHDI,NET,AGRWTH,A,1984,2.124576417,
FIN,HHDI,NET,AGRWTH,A,1985,3.77232375,
FIN,HHDI,NET,AGRWTH,A,1986,3.410248272,
FIN,HHDI,NET,AGRWTH,A,1987,5.250641049,
FIN,HHDI,NET,AGRWTH,A,1988,2.442748649,
FIN,HHDI,NET,AGRWTH,A,1989,5.648736877,
FIN,HHDI,NET,AGRWTH,A,1990,2.486840177,
FIN,HHDI,NET,AGRWTH,A,1991,1.847115588,
FIN,HHDI,NET,AGRWTH,A,1992,-2.19753144,
FIN,HHDI,NET,AGRWTH,A,1993,-5.482180081,
FIN,HHDI,NET,AGRWTH,A,1994,-3.01183163,
FIN,HHDI,NET,AGRWTH,A,1995,7.458616031,
FIN,HHDI,NET,AGRWTH,A,1996,0.408232742,
FIN,HHDI,NET,AGRWTH,A,1997,4.552765143,
FIN,HHDI,NET,AGRWTH,A,1998,3.524489059,
FIN,HHDI,NET,AGRWTH,A,1999,4.619752584,
FIN,HHDI,NET,AGRWTH,A,2000,1.908051354,
FIN,HHDI,NET,AGRWTH,A,2001,0.867042375,
FIN,HHDI,NET,AGRWTH,A,2002,2.874375955,
FIN,HHDI,NET,AGRWTH,A,2003,3.398931396,
FIN,HHDI,NET,AGRWTH,A,2004,4.184825718,
FIN,HHDI,NET,AGRWTH,A,2005,1.482732688,
FIN,HHDI,NET,AGRWTH,A,2006,2.066003248,
FIN,HHDI,NET,AGRWTH,A,2007,3.232262877,
FIN,HHDI,NET,AGRWTH,A,2008,2.305280506,
FIN,HHDI,NET,AGRWTH,A,2009,0.815627431,
FIN,HHDI,NET,AGRWTH,A,2010,2.421177129,
FIN,HHDI,NET,AGRWTH,A,2011,0.7449671,
FIN,HHDI,NET,AGRWTH,A,2012,-0.027874584,
FIN,HHDI,NET,AGRWTH,A,2013,0.025761343,
FIN,HHDI,NET,AGRWTH,A,2014,-0.431820619,
FIN,HHDI,NET,AGRWTH,A,2015,1.128558534,
FIN,HHDI,NET,AGRWTH,A,2016,1.86741252,
FIN,HHDI,NET,AGRWTH,A,2017,0.984016867,
FIN,HHDI,NET,AGRWTH,A,2018,2.003598337,
FIN,HHDI,NET,AGRWTH,A,2019,1.801490617,
FRA,HHDI,NET,AGRWTH,A,1979,1.043044371,
FRA,HHDI,NET,AGRWTH,A,1980,0.534525498,
FRA,HHDI,NET,AGRWTH,A,1981,1.753004557,
FRA,HHDI,NET,AGRWTH,A,1982,2.723279159,
FRA,HHDI,NET,AGRWTH,A,1983,0.389313893,
FRA,HHDI,NET,AGRWTH,A,1984,-0.262532904,
FRA,HHDI,NET,AGRWTH,A,1985,1.358217299,
FRA,HHDI,NET,AGRWTH,A,1986,2.767130313,
FRA,HHDI,NET,AGRWTH,A,1987,1.714243553,
FRA,HHDI,NET,AGRWTH,A,1988,3.263523055,
FRA,HHDI,NET,AGRWTH,A,1989,3.443864323,
FRA,HHDI,NET,AGRWTH,A,1990,3.979037052,
FRA,HHDI,NET,AGRWTH,A,1991,1.433364407,
FRA,HHDI,NET,AGRWTH,A,1992,2.690358622,
FRA,HHDI,NET,AGRWTH,A,1993,0.955040252,
FRA,HHDI,NET,AGRWTH,A,1994,0.644398088,
FRA,HHDI,NET,AGRWTH,A,1995,2.112537694,
FRA,HHDI,NET,AGRWTH,A,1996,1.195150361,
FRA,HHDI,NET,AGRWTH,A,1997,1.302814181,
FRA,HHDI,NET,AGRWTH,A,1998,2.9525767,
FRA,HHDI,NET,AGRWTH,A,1999,2.798108961,
FRA,HHDI,NET,AGRWTH,A,2000,3.338732243,
FRA,HHDI,NET,AGRWTH,A,2001,3.013817909,
FRA,HHDI,NET,AGRWTH,A,2002,3.066155961,
FRA,HHDI,NET,AGRWTH,A,2003,0.956716769,
FRA,HHDI,NET,AGRWTH,A,2004,2.040621661,
FRA,HHDI,NET,AGRWTH,A,2005,1.228082163,
FRA,HHDI,NET,AGRWTH,A,2006,2.516391176,
FRA,HHDI,NET,AGRWTH,A,2007,2.919591694,
FRA,HHDI,NET,AGRWTH,A,2008,0.531556304,
FRA,HHDI,NET,AGRWTH,A,2009,1.81583009,
FRA,HHDI,NET,AGRWTH,A,2010,1.77291015,
FRA,HHDI,NET,AGRWTH,A,2011,0.345921534,
FRA,HHDI,NET,AGRWTH,A,2012,0.07483632,
FRA,HHDI,NET,AGRWTH,A,2013,-0.588110887,
FRA,HHDI,NET,AGRWTH,A,2014,1.36494182,
FRA,HHDI,NET,AGRWTH,A,2015,0.991272478,
FRA,HHDI,NET,AGRWTH,A,2016,1.694453973,
FRA,HHDI,NET,AGRWTH,A,2017,1.64671145,
FRA,HHDI,NET,AGRWTH,A,2018,1.184279884,E
FRA,HHDI,NET,AGRWTH,A,2019,1.968025254,E
DEU,HHDI,NET,AGRWTH,A,1996,1.778654739,
DEU,HHDI,NET,AGRWTH,A,1997,0.544448655,
DEU,HHDI,NET,AGRWTH,A,1998,1.33334804,
DEU,HHDI,NET,AGRWTH,A,1999,1.725210131,
DEU,HHDI,NET,AGRWTH,A,2000,0.340380005,
DEU,HHDI,NET,AGRWTH,A,2001,2.245985837,
DEU,HHDI,NET,AGRWTH,A,2002,-0.924626317,
DEU,HHDI,NET,AGRWTH,A,2003,0.971997018,
DEU,HHDI,NET,AGRWTH,A,2004,0.471014935,
DEU,HHDI,NET,AGRWTH,A,2005,0.717655068,
DEU,HHDI,NET,AGRWTH,A,2006,1.029352379,
DEU,HHDI,NET,AGRWTH,A,2007,0.170037955,
DEU,HHDI,NET,AGRWTH,A,2008,0.818209117,
DEU,HHDI,NET,AGRWTH,A,2009,-0.320444241,
DEU,HHDI,NET,AGRWTH,A,2010,0.834764034,
DEU,HHDI,NET,AGRWTH,A,2011,1.624911602,
DEU,HHDI,NET,AGRWTH,A,2012,0.863047023,
DEU,HHDI,NET,AGRWTH,A,2013,0.313814043,
DEU,HHDI,NET,AGRWTH,A,2014,1.691632699,
DEU,HHDI,NET,AGRWTH,A,2015,2.427598417,
DEU,HHDI,NET,AGRWTH,A,2016,3.134878125,
DEU,HHDI,NET,AGRWTH,A,2017,1.692100568,
DEU,HHDI,NET,AGRWTH,A,2018,1.830167482,
DEU,HHDI,NET,AGRWTH,A,2019,1.76616218,
GRC,HHDI,NET,AGRWTH,A,1996,0.565565377,
GRC,HHDI,NET,AGRWTH,A,1997,0.502695065,
GRC,HHDI,NET,AGRWTH,A,1998,4.256146132,
GRC,HHDI,NET,AGRWTH,A,1999,2.146676462,
GRC,HHDI,NET,AGRWTH,A,2000,0.329436853,
GRC,HHDI,NET,AGRWTH,A,2001,3.681707841,
GRC,HHDI,NET,AGRWTH,A,2002,4.447113859,
GRC,HHDI,NET,AGRWTH,A,2003,7.609654805,
GRC,HHDI,NET,AGRWTH,A,2004,3.222005654,
GRC,HHDI,NET,AGRWTH,A,2005,0.568850482,
GRC,HHDI,NET,AGRWTH,A,2006,5.395508544,
GRC,HHDI,NET,AGRWTH,A,2007,3.153834978,
GRC,HHDI,NET,AGRWTH,A,2008,0.836258189,
GRC,HHDI,NET,AGRWTH,A,2009,0.631397784,
GRC,HHDI,NET,AGRWTH,A,2010,-8.453748089,B
GRC,HHDI,NET,AGRWTH,A,2011,-11.99497019,
GRC,HHDI,NET,AGRWTH,A,2012,-11.89691415,
GRC,HHDI,NET,AGRWTH,A,2013,-5.761811509,
GRC,HHDI,NET,AGRWTH,A,2014,1.738615843,
GRC,HHDI,NET,AGRWTH,A,2015,1.296192169,
GRC,HHDI,NET,AGRWTH,A,2016,-1.251073376,
GRC,HHDI,NET,AGRWTH,A,2017,1.312600376,E
GRC,HHDI,NET,AGRWTH,A,2018,1.404012893,E
GRC,HHDI,NET,AGRWTH,A,2019,3.832117792,E
HUN,HHDI,NET,AGRWTH,A,1996,-2.952482365,
HUN,HHDI,NET,AGRWTH,A,1997,-0.400079448,
HUN,HHDI,NET,AGRWTH,A,1998,1.932142959,
HUN,HHDI,NET,AGRWTH,A,1999,1.308491633,
HUN,HHDI,NET,AGRWTH,A,2000,1.384626081,
HUN,HHDI,NET,AGRWTH,A,2001,5.319893745,
HUN,HHDI,NET,AGRWTH,A,2002,5.333108317,
HUN,HHDI,NET,AGRWTH,A,2003,6.303444698,
HUN,HHDI,NET,AGRWTH,A,2004,5.699462025,
HUN,HHDI,NET,AGRWTH,A,2005,4.395799291,
HUN,HHDI,NET,AGRWTH,A,2006,1.771084066,
HUN,HHDI,NET,AGRWTH,A,2007,-4.115324179,
HUN,HHDI,NET,AGRWTH,A,2008,-1.428608546,
HUN,HHDI,NET,AGRWTH,A,2009,-3.559826512,
HUN,HHDI,NET,AGRWTH,A,2010,-0.900627702,
HUN,HHDI,NET,AGRWTH,A,2011,3.35280363,
HUN,HHDI,NET,AGRWTH,A,2012,-3.29203245,
HUN,HHDI,NET,AGRWTH,A,2013,1.67510098,
HUN,HHDI,NET,AGRWTH,A,2014,2.644599569,
HUN,HHDI,NET,AGRWTH,A,2015,3.485213694,
HUN,HHDI,NET,AGRWTH,A,2016,3.775813431,
HUN,HHDI,NET,AGRWTH,A,2017,3.919908268,
HUN,HHDI,NET,AGRWTH,A,2018,6.188754809,
HUN,HHDI,NET,AGRWTH,A,2019,2.682923931,
IRL,HHDI,NET,AGRWTH,A,1996,5.800495294,
IRL,HHDI,NET,AGRWTH,A,1997,6.188356823,
IRL,HHDI,NET,AGRWTH,A,1998,8.184859416,
IRL,HHDI,NET,AGRWTH,A,1999,5.533987888,
IRL,HHDI,NET,AGRWTH,A,2000,6.885422602,
IRL,HHDI,NET,AGRWTH,A,2001,10.4527969,
IRL,HHDI,NET,AGRWTH,A,2002,3.31690067,
IRL,HHDI,NET,AGRWTH,A,2003,3.30315459,
IRL,HHDI,NET,AGRWTH,A,2004,4.574707356,
IRL,HHDI,NET,AGRWTH,A,2005,7.561468394,
IRL,HHDI,NET,AGRWTH,A,2006,4.19813049,
IRL,HHDI,NET,AGRWTH,A,2007,6.091468183,
IRL,HHDI,NET,AGRWTH,A,2008,5.605965843,
IRL,HHDI,NET,AGRWTH,A,2009,-0.294746028,
IRL,HHDI,NET,AGRWTH,A,2010,-1.641573201,
IRL,HHDI,NET,AGRWTH,A,2011,-6.567756991,
IRL,HHDI,NET,AGRWTH,A,2012,1.350767915,
IRL,HHDI,NET,AGRWTH,A,2013,-1.288372779,
IRL,HHDI,NET,AGRWTH,A,2014,1.230635607,
IRL,HHDI,NET,AGRWTH,A,2015,3.622337751,
IRL,HHDI,NET,AGRWTH,A,2016,4.413176786,
IRL,HHDI,NET,AGRWTH,A,2017,5.644592644,
IRL,HHDI,NET,AGRWTH,A,2018,3.10917714,
IRL,HHDI,NET,AGRWTH,A,2019,4.973398012,
ITA,HHDI,NET,AGRWTH,A,1996,1.246030804,
ITA,HHDI,NET,AGRWTH,A,1997,0.23270445,
ITA,HHDI,NET,AGRWTH,A,1998,-0.9928486,
ITA,HHDI,NET,AGRWTH,A,1999,1.241186607,
ITA,HHDI,NET,AGRWTH,A,2000,1.35949332,
ITA,HHDI,NET,AGRWTH,A,2001,2.694499668,
ITA,HHDI,NET,AGRWTH,A,2002,1.014124673,
ITA,HHDI,NET,AGRWTH,A,2003,0.438914414,
ITA,HHDI,NET,AGRWTH,A,2004,1.309627081,
ITA,HHDI,NET,AGRWTH,A,2005,0.645733975,
ITA,HHDI,NET,AGRWTH,A,2006,0.891926089,
ITA,HHDI,NET,AGRWTH,A,2007,1.265144921,
ITA,HHDI,NET,AGRWTH,A,2008,-1.417107907,
ITA,HHDI,NET,AGRWTH,A,2009,-1.752526846,
ITA,HHDI,NET,AGRWTH,A,2010,-1.389114378,
ITA,HHDI,NET,AGRWTH,A,2011,-0.648046676,
ITA,HHDI,NET,AGRWTH,A,2012,-4.999167624,
ITA,HHDI,NET,AGRWTH,A,2013,-0.592739636,
ITA,HHDI,NET,AGRWTH,A,2014,0.507459001,
ITA,HHDI,NET,AGRWTH,A,2015,0.991612476,
ITA,HHDI,NET,AGRWTH,A,2016,1.097228357,
ITA,HHDI,NET,AGRWTH,A,2017,0.969528233,
ITA,HHDI,NET,AGRWTH,A,2018,0.835351607,
ITA,HHDI,NET,AGRWTH,A,2019,0.424128441,
JPN,HHDI,NET,AGRWTH,A,1995,2.149848279,
JPN,HHDI,NET,AGRWTH,A,1996,0.611306796,
JPN,HHDI,NET,AGRWTH,A,1997,1.078142063,
JPN,HHDI,NET,AGRWTH,A,1998,0.667011933,
JPN,HHDI,NET,AGRWTH,A,1999,0.121633237,
JPN,HHDI,NET,AGRWTH,A,2000,0.436417202,
JPN,HHDI,NET,AGRWTH,A,2001,-1.191658821,
JPN,HHDI,NET,AGRWTH,A,2002,1.160901834,
JPN,HHDI,NET,AGRWTH,A,2003,0.015971581,
JPN,HHDI,NET,AGRWTH,A,2004,1.438372736,
JPN,HHDI,NET,AGRWTH,A,2005,0.933018781,
JPN,HHDI,NET,AGRWTH,A,2006,0.236869964,
JPN,HHDI,NET,AGRWTH,A,2007,1.232087958,
JPN,HHDI,NET,AGRWTH,A,2008,-0.747216804,
JPN,HHDI,NET,AGRWTH,A,2009,1.425005987,
JPN,HHDI,NET,AGRWTH,A,2010,2.106997871,
JPN,HHDI,NET,AGRWTH,A,2011,0.434565013,
JPN,HHDI,NET,AGRWTH,A,2012,1.181834592,
JPN,HHDI,NET,AGRWTH,A,2013,0.265273545,
JPN,HHDI,NET,AGRWTH,A,2014,-1.13177534,
JPN,HHDI,NET,AGRWTH,A,2015,1.43619828,
JPN,HHDI,NET,AGRWTH,A,2016,1.596895473,
JPN,HHDI,NET,AGRWTH,A,2017,0.76082572,
KOR,HHDI,NET,AGRWTH,A,1976,14.07926504,
KOR,HHDI,NET,AGRWTH,A,1977,9.659942472,
KOR,HHDI,NET,AGRWTH,A,1978,11.63209679,
KOR,HHDI,NET,AGRWTH,A,1979,5.874671865,
KOR,HHDI,NET,AGRWTH,A,1980,-8.448158753,
KOR,HHDI,NET,AGRWTH,A,1981,6.03889795,
KOR,HHDI,NET,AGRWTH,A,1982,8.311089555,
KOR,HHDI,NET,AGRWTH,A,1983,10.56241757,
KOR,HHDI,NET,AGRWTH,A,1984,10.91067008,
KOR,HHDI,NET,AGRWTH,A,1985,7.094361535,
KOR,HHDI,NET,AGRWTH,A,1986,14.58825924,
KOR,HHDI,NET,AGRWTH,A,1987,12.43398703,
KOR,HHDI,NET,AGRWTH,A,1988,11.7902644,
KOR,HHDI,NET,AGRWTH,A,1989,7.888857821,
KOR,HHDI,NET,AGRWTH,A,1990,9.189978867,
KOR,HHDI,NET,AGRWTH,A,1991,11.79493039,
KOR,HHDI,NET,AGRWTH,A,1992,5.329985088,
KOR,HHDI,NET,AGRWTH,A,1993,5.299951935,
KOR,HHDI,NET,AGRWTH,A,1994,6.689712887,
KOR,HHDI,NET,AGRWTH,A,1995,5.444250424,
KOR,HHDI,NET,AGRWTH,A,1996,6.077501626,
KOR,HHDI,NET,AGRWTH,A,1997,1.744101749,
KOR,HHDI,NET,AGRWTH,A,1998,-2.611124704,
KOR,HHDI,NET,AGRWTH,A,1999,2.407781421,
KOR,HHDI,NET,AGRWTH,A,2000,0.791673526,
KOR,HHDI,NET,AGRWTH,A,2001,2.790018851,
KOR,HHDI,NET,AGRWTH,A,2002,4.563779686,
KOR,HHDI,NET,AGRWTH,A,2003,2.265848589,
KOR,HHDI,NET,AGRWTH,A,2004,4.689429161,
KOR,HHDI,NET,AGRWTH,A,2005,2.320798244,
KOR,HHDI,NET,AGRWTH,A,2006,3.774819571,
KOR,HHDI,NET,AGRWTH,A,2007,4.712786197,
KOR,HHDI,NET,AGRWTH,A,2008,2.175467009,
KOR,HHDI,NET,AGRWTH,A,2009,1.640529453,
KOR,HHDI,NET,AGRWTH,A,2010,4.192659918,
KOR,HHDI,NET,AGRWTH,A,2011,2.256896121,
KOR,HHDI,NET,AGRWTH,A,2012,2.483774112,
KOR,HHDI,NET,AGRWTH,A,2013,4.053958032,
KOR,HHDI,NET,AGRWTH,A,2014,3.559237106,
KOR,HHDI,NET,AGRWTH,A,2015,5.708392533,
KOR,HHDI,NET,AGRWTH,A,2016,1.717186232,
KOR,HHDI,NET,AGRWTH,A,2017,1.816822754,
KOR,HHDI,NET,AGRWTH,A,2018,3.386587743,
LUX,HHDI,NET,AGRWTH,A,1996,1.442645108,
LUX,HHDI,NET,AGRWTH,A,1997,3.015099646,
LUX,HHDI,NET,AGRWTH,A,1998,2.910855456,
LUX,HHDI,NET,AGRWTH,A,1999,4.600725732,
LUX,HHDI,NET,AGRWTH,A,2000,6.273276059,
LUX,HHDI,NET,AGRWTH,A,2001,3.832170166,
LUX,HHDI,NET,AGRWTH,A,2002,5.976830924,
LUX,HHDI,NET,AGRWTH,A,2003,1.994157237,
LUX,HHDI,NET,AGRWTH,A,2004,1.551319001,
LUX,HHDI,NET,AGRWTH,A,2005,0.023854306,
LUX,HHDI,NET,AGRWTH,A,2006,1.421948345,
LUX,HHDI,NET,AGRWTH,A,2007,4.420399599,
LUX,HHDI,NET,AGRWTH,A,2008,1.355535332,
LUX,HHDI,NET,AGRWTH,A,2009,3.511645587,
LUX,HHDI,NET,AGRWTH,A,2010,2.282752213,
LUX,HHDI,NET,AGRWTH,A,2011,-0.839105572,
LUX,HHDI,NET,AGRWTH,A,2012,3.573983658,
LUX,HHDI,NET,AGRWTH,A,2013,2.888739807,
LUX,HHDI,NET,AGRWTH,A,2014,4.981396223,
LUX,HHDI,NET,AGRWTH,A,2015,0.929170751,
LUX,HHDI,NET,AGRWTH,A,2016,1.535221073,
LUX,HHDI,NET,AGRWTH,A,2017,4.943335653,
LUX,HHDI,NET,AGRWTH,A,2018,3.288911507,
MEX,HHDI,NET,AGRWTH,A,2004,5.036296511,
MEX,HHDI,NET,AGRWTH,A,2005,2.62235984,
MEX,HHDI,NET,AGRWTH,A,2006,6.042218237,
MEX,HHDI,NET,AGRWTH,A,2007,1.658511427,
MEX,HHDI,NET,AGRWTH,A,2008,1.553561245,
MEX,HHDI,NET,AGRWTH,A,2009,1.193342605,
MEX,HHDI,NET,AGRWTH,A,2010,2.623608853,
MEX,HHDI,NET,AGRWTH,A,2011,5.584925555,
MEX,HHDI,NET,AGRWTH,A,2012,-0.253257664,
MEX,HHDI,NET,AGRWTH,A,2013,0.575767037,
MEX,HHDI,NET,AGRWTH,A,2014,3.334922937,
MEX,HHDI,NET,AGRWTH,A,2015,4.754382506,
MEX,HHDI,NET,AGRWTH,A,2016,1.725837747,
MEX,HHDI,NET,AGRWTH,A,2017,0.809422174,
MEX,HHDI,NET,AGRWTH,A,2018,1.14305742,
MEX,HHDI,NET,AGRWTH,A,2019,2.755388225,
NLD,HHDI,NET,AGRWTH,A,1996,2.355188897,
NLD,HHDI,NET,AGRWTH,A,1997,4.232402499,
NLD,HHDI,NET,AGRWTH,A,1998,4.066405571,
NLD,HHDI,NET,AGRWTH,A,1999,2.914117627,
NLD,HHDI,NET,AGRWTH,A,2000,2.806568076,
NLD,HHDI,NET,AGRWTH,A,2001,5.924307966,
NLD,HHDI,NET,AGRWTH,A,2002,0.538177521,
NLD,HHDI,NET,AGRWTH,A,2003,-0.554088188,
NLD,HHDI,NET,AGRWTH,A,2004,0.446582246,
NLD,HHDI,NET,AGRWTH,A,2005,-0.080236441,
NLD,HHDI,NET,AGRWTH,A,2006,4.040303452,
NLD,HHDI,NET,AGRWTH,A,2007,2.098754537,
NLD,HHDI,NET,AGRWTH,A,2008,1.64126569,
NLD,HHDI,NET,AGRWTH,A,2009,2.082110847,
NLD,HHDI,NET,AGRWTH,A,2010,0.411664958,
NLD,HHDI,NET,AGRWTH,A,2011,0.667786952,
NLD,HHDI,NET,AGRWTH,A,2012,-0.522088311,
NLD,HHDI,NET,AGRWTH,A,2013,-0.94062921,
NLD,HHDI,NET,AGRWTH,A,2014,1.375058563,
NLD,HHDI,NET,AGRWTH,A,2015,1.433801205,
NLD,HHDI,NET,AGRWTH,A,2016,2.058874115,
NLD,HHDI,NET,AGRWTH,A,2017,1.08005713,
NLD,HHDI,NET,AGRWTH,A,2018,2.274766632,
NLD,HHDI,NET,AGRWTH,A,2019,1.40493565,E
NZL,HHDI,NET,AGRWTH,A,2000,-1.699146152,
NZL,HHDI,NET,AGRWTH,A,2001,3.903653262,
NZL,HHDI,NET,AGRWTH,A,2002,1.852921678,
NZL,HHDI,NET,AGRWTH,A,2003,7.6023881,
NZL,HHDI,NET,AGRWTH,A,2004,3.768475317,
NZL,HHDI,NET,AGRWTH,A,2005,3.766822918,
NZL,HHDI,NET,AGRWTH,A,2006,3.797725981,
NZL,HHDI,NET,AGRWTH,A,2007,5.629315913,
NZL,HHDI,NET,AGRWTH,A,2008,-1.422056477,
NZL,HHDI,NET,AGRWTH,A,2009,1.025552408,
NZL,HHDI,NET,AGRWTH,A,2010,1.784317176,
NZL,HHDI,NET,AGRWTH,A,2011,3.374263951,
NZL,HHDI,NET,AGRWTH,A,2012,2.036861737,
NZL,HHDI,NET,AGRWTH,A,2013,2.908542811,
NZL,HHDI,NET,AGRWTH,A,2014,1.519974217,
NZL,HHDI,NET,AGRWTH,A,2015,4.583959395,
NZL,HHDI,NET,AGRWTH,A,2016,5.270104919,
NZL,HHDI,NET,AGRWTH,A,2017,4.435379009,
NOR,HHDI,NET,AGRWTH,A,1979,0.813203148,
NOR,HHDI,NET,AGRWTH,A,1980,3.36047733,
NOR,HHDI,NET,AGRWTH,A,1981,2.771018809,
NOR,HHDI,NET,AGRWTH,A,1982,0.627929812,
NOR,HHDI,NET,AGRWTH,A,1983,1.740697281,
NOR,HHDI,NET,AGRWTH,A,1984,3.099090749,
NOR,HHDI,NET,AGRWTH,A,1985,2.214551931,
NOR,HHDI,NET,AGRWTH,A,1986,1.995972248,
NOR,HHDI,NET,AGRWTH,A,1987,0.317361802,
NOR,HHDI,NET,AGRWTH,A,1988,0.461009664,
NOR,HHDI,NET,AGRWTH,A,1989,1.745541278,
NOR,HHDI,NET,AGRWTH,A,1990,2.246344712,
NOR,HHDI,NET,AGRWTH,A,1991,3.791360177,
NOR,HHDI,NET,AGRWTH,A,1992,4.377092739,
NOR,HHDI,NET,AGRWTH,A,1993,3.879643723,
NOR,HHDI,NET,AGRWTH,A,1994,2.243392212,
NOR,HHDI,NET,AGRWTH,A,1995,2.552094675,
NOR,HHDI,NET,AGRWTH,A,1996,3.98485786,
NOR,HHDI,NET,AGRWTH,A,1997,4.077720823,
NOR,HHDI,NET,AGRWTH,A,1998,5.598123844,
NOR,HHDI,NET,AGRWTH,A,1999,2.902194633,
NOR,HHDI,NET,AGRWTH,A,2000,3.609615273,
NOR,HHDI,NET,AGRWTH,A,2001,0.81960398,
NOR,HHDI,NET,AGRWTH,A,2002,7.236756248,
NOR,HHDI,NET,AGRWTH,A,2003,4.320768356,
NOR,HHDI,NET,AGRWTH,A,2004,3.161859013,
NOR,HHDI,NET,AGRWTH,A,2005,7.312972857,
NOR,HHDI,NET,AGRWTH,A,2006,-4.638675228,
NOR,HHDI,NET,AGRWTH,A,2007,5.373237522,
NOR,HHDI,NET,AGRWTH,A,2008,3.087117974,
NOR,HHDI,NET,AGRWTH,A,2009,3.986021746,
NOR,HHDI,NET,AGRWTH,A,2010,2.267063059,
NOR,HHDI,NET,AGRWTH,A,2011,3.278046067,
NOR,HHDI,NET,AGRWTH,A,2012,3.806543915,
NOR,HHDI,NET,AGRWTH,A,2013,3.101737042,
NOR,HHDI,NET,AGRWTH,A,2014,2.508914511,
NOR,HHDI,NET,AGRWTH,A,2015,4.435586686,
NOR,HHDI,NET,AGRWTH,A,2016,-0.783919746,
NOR,HHDI,NET,AGRWTH,A,2017,1.332962313,
NOR,HHDI,NET,AGRWTH,A,2018,1.670156742,
POL,HHDI,NET,AGRWTH,A,1996,5.84518273,
POL,HHDI,NET,AGRWTH,A,1997,6.411064673,
POL,HHDI,NET,AGRWTH,A,1998,5.761821219,
POL,HHDI,NET,AGRWTH,A,1999,3.550677831,
POL,HHDI,NET,AGRWTH,A,2000,2.727539394,
POL,HHDI,NET,AGRWTH,A,2001,3.734033437,
POL,HHDI,NET,AGRWTH,A,2002,0.053311005,
POL,HHDI,NET,AGRWTH,A,2003,0.680263744,
POL,HHDI,NET,AGRWTH,A,2004,-0.297329072,
POL,HHDI,NET,AGRWTH,A,2005,1.209385949,
POL,HHDI,NET,AGRWTH,A,2006,5.09590969,
POL,HHDI,NET,AGRWTH,A,2007,4.470038716,
POL,HHDI,NET,AGRWTH,A,2008,4.325353367,
POL,HHDI,NET,AGRWTH,A,2009,6.06287546,
POL,HHDI,NET,AGRWTH,A,2010,2.764683227,
POL,HHDI,NET,AGRWTH,A,2011,0.333336633,
POL,HHDI,NET,AGRWTH,A,2012,0.701526517,
POL,HHDI,NET,AGRWTH,A,2013,1.438256776,
POL,HHDI,NET,AGRWTH,A,2014,3.170221799,
POL,HHDI,NET,AGRWTH,A,2015,3.95562452,
POL,HHDI,NET,AGRWTH,A,2016,5.100411899,
POL,HHDI,NET,AGRWTH,A,2017,3.834583398,
POL,HHDI,NET,AGRWTH,A,2018,2.856296831,
POL,HHDI,NET,AGRWTH,A,2019,6.189668477,
PRT,HHDI,NET,AGRWTH,A,1996,2.402354352,
PRT,HHDI,NET,AGRWTH,A,1997,3.193830386,
PRT,HHDI,NET,AGRWTH,A,1998,6.318616572,
PRT,HHDI,NET,AGRWTH,A,1999,4.829385607,
PRT,HHDI,NET,AGRWTH,A,2000,2.59244117,
PRT,HHDI,NET,AGRWTH,A,2001,1.455660633,
PRT,HHDI,NET,AGRWTH,A,2002,1.103226547,
PRT,HHDI,NET,AGRWTH,A,2003,-0.596676096,
PRT,HHDI,NET,AGRWTH,A,2004,1.040204372,
PRT,HHDI,NET,AGRWTH,A,2005,0.714497859,
PRT,HHDI,NET,AGRWTH,A,2006,-0.522345105,
PRT,HHDI,NET,AGRWTH,A,2007,1.169819038,
PRT,HHDI,NET,AGRWTH,A,2008,1.099949842,
PRT,HHDI,NET,AGRWTH,A,2009,2.660967119,
PRT,HHDI,NET,AGRWTH,A,2010,-0.531108637,
PRT,HHDI,NET,AGRWTH,A,2011,-4.214329077,
PRT,HHDI,NET,AGRWTH,A,2012,-3.902242012,
PRT,HHDI,NET,AGRWTH,A,2013,-1.500858917,
PRT,HHDI,NET,AGRWTH,A,2014,-1.154197914,
PRT,HHDI,NET,AGRWTH,A,2015,2.640295813,
PRT,HHDI,NET,AGRWTH,A,2016,2.327251227,
PRT,HHDI,NET,AGRWTH,A,2017,1.054158361,
PRT,HHDI,NET,AGRWTH,A,2018,2.317367199,
PRT,HHDI,NET,AGRWTH,A,2019,2.810125805,E
SVK,HHDI,NET,AGRWTH,A,1996,20.81676495,
SVK,HHDI,NET,AGRWTH,A,1997,8.751169728,
SVK,HHDI,NET,AGRWTH,A,1998,3.228012225,
SVK,HHDI,NET,AGRWTH,A,1999,-5.429131375,
SVK,HHDI,NET,AGRWTH,A,2000,1.026440177,
SVK,HHDI,NET,AGRWTH,A,2001,2.938449641,
SVK,HHDI,NET,AGRWTH,A,2002,4.585217626,
SVK,HHDI,NET,AGRWTH,A,2003,-0.325470714,
SVK,HHDI,NET,AGRWTH,A,2004,5.058842363,
SVK,HHDI,NET,AGRWTH,A,2005,3.638553402,
SVK,HHDI,NET,AGRWTH,A,2006,4.643608376,
SVK,HHDI,NET,AGRWTH,A,2007,9.605844764,
SVK,HHDI,NET,AGRWTH,A,2008,6.630722525,
SVK,HHDI,NET,AGRWTH,A,2009,1.611854501,
SVK,HHDI,NET,AGRWTH,A,2010,1.765106959,
SVK,HHDI,NET,AGRWTH,A,2011,-2.927013012,
SVK,HHDI,NET,AGRWTH,A,2012,0.371646066,
SVK,HHDI,NET,AGRWTH,A,2013,-0.354339124,
SVK,HHDI,NET,AGRWTH,A,2014,2.066663562,
SVK,HHDI,NET,AGRWTH,A,2015,4.598341309,
SVK,HHDI,NET,AGRWTH,A,2016,3.450541935,
SVK,HHDI,NET,AGRWTH,A,2017,3.414791237,
SVK,HHDI,NET,AGRWTH,A,2018,6.235400431,
SVK,HHDI,NET,AGRWTH,A,2019,2.563898058,
ESP,HHDI,NET,AGRWTH,A,1996,3.223521081,
ESP,HHDI,NET,AGRWTH,A,1997,3.750058956,
ESP,HHDI,NET,AGRWTH,A,1998,4.512872929,
ESP,HHDI,NET,AGRWTH,A,1999,3.867681936,
ESP,HHDI,NET,AGRWTH,A,2000,4.673997198,
ESP,HHDI,NET,AGRWTH,A,2001,3.763517999,
ESP,HHDI,NET,AGRWTH,A,2002,3.218603974,
ESP,HHDI,NET,AGRWTH,A,2003,3.883914137,
ESP,HHDI,NET,AGRWTH,A,2004,2.668918225,
ESP,HHDI,NET,AGRWTH,A,2005,3.775245465,
ESP,HHDI,NET,AGRWTH,A,2006,2.312052635,
ESP,HHDI,NET,AGRWTH,A,2007,2.301372479,
ESP,HHDI,NET,AGRWTH,A,2008,2.388251611,
ESP,HHDI,NET,AGRWTH,A,2009,1.144534222,
ESP,HHDI,NET,AGRWTH,A,2010,-1.235106893,
ESP,HHDI,NET,AGRWTH,A,2011,-1.39607002,
ESP,HHDI,NET,AGRWTH,A,2012,-6.612274559,
ESP,HHDI,NET,AGRWTH,A,2013,-1.28073789,
ESP,HHDI,NET,AGRWTH,A,2014,-0.228331584,
ESP,HHDI,NET,AGRWTH,A,2015,3.914013301,
ESP,HHDI,NET,AGRWTH,A,2016,2.466299961,
ESP,HHDI,NET,AGRWTH,A,2017,1.633039631,
ESP,HHDI,NET,AGRWTH,A,2018,1.763160985,
ESP,HHDI,NET,AGRWTH,A,2019,1.658595772,
SWE,HHDI,NET,AGRWTH,A,1971,2.008172055,
SWE,HHDI,NET,AGRWTH,A,1972,0.840995326,
SWE,HHDI,NET,AGRWTH,A,1973,1.754936174,
SWE,HHDI,NET,AGRWTH,A,1974,4.279636068,
SWE,HHDI,NET,AGRWTH,A,1975,4.136282516,
SWE,HHDI,NET,AGRWTH,A,1976,3.545635112,
SWE,HHDI,NET,AGRWTH,A,1977,2.552734208,
SWE,HHDI,NET,AGRWTH,A,1978,-1.144634582,
SWE,HHDI,NET,AGRWTH,A,1979,3.93764216,
SWE,HHDI,NET,AGRWTH,A,1980,1.827389574,
SWE,HHDI,NET,AGRWTH,A,1981,-4.234609925,
SWE,HHDI,NET,AGRWTH,A,1982,-1.437518068,
SWE,HHDI,NET,AGRWTH,A,1983,-0.479950993,
SWE,HHDI,NET,AGRWTH,A,1984,1.0918105,
SWE,HHDI,NET,AGRWTH,A,1985,2.177668289,
SWE,HHDI,NET,AGRWTH,A,1986,3.168801704,
SWE,HHDI,NET,AGRWTH,A,1987,2.044716783,
SWE,HHDI,NET,AGRWTH,A,1988,0.229879315,
SWE,HHDI,NET,AGRWTH,A,1989,3.021995754,
SWE,HHDI,NET,AGRWTH,A,1990,3.026028315,
SWE,HHDI,NET,AGRWTH,A,1991,3.399418107,
SWE,HHDI,NET,AGRWTH,A,1992,2.862312954,
SWE,HHDI,NET,AGRWTH,A,1993,-5.952693139,
SWE,HHDI,NET,AGRWTH,A,1994,-0.28283087,
SWE,HHDI,NET,AGRWTH,A,1995,0.51847126,
SWE,HHDI,NET,AGRWTH,A,1996,-0.277441415,
SWE,HHDI,NET,AGRWTH,A,1997,-0.880973395,
SWE,HHDI,NET,AGRWTH,A,1998,2.749329898,
SWE,HHDI,NET,AGRWTH,A,1999,3.055866843,
SWE,HHDI,NET,AGRWTH,A,2000,3.33031478,
SWE,HHDI,NET,AGRWTH,A,2001,5.565096362,
SWE,HHDI,NET,AGRWTH,A,2002,2.925625741,
SWE,HHDI,NET,AGRWTH,A,2003,0.740670202,
SWE,HHDI,NET,AGRWTH,A,2004,0.764410126,
SWE,HHDI,NET,AGRWTH,A,2005,2.457953692,
SWE,HHDI,NET,AGRWTH,A,2006,4.23759326,
SWE,HHDI,NET,AGRWTH,A,2007,4.30127599,
SWE,HHDI,NET,AGRWTH,A,2008,2.639365304,
SWE,HHDI,NET,AGRWTH,A,2009,1.686560259,
SWE,HHDI,NET,AGRWTH,A,2010,2.632130961,
SWE,HHDI,NET,AGRWTH,A,2011,2.795348294,
SWE,HHDI,NET,AGRWTH,A,2012,3.050075313,
SWE,HHDI,NET,AGRWTH,A,2013,1.649274993,
SWE,HHDI,NET,AGRWTH,A,2014,1.867539052,
SWE,HHDI,NET,AGRWTH,A,2015,2.740003617,
SWE,HHDI,NET,AGRWTH,A,2016,3.86460718,
SWE,HHDI,NET,AGRWTH,A,2017,1.313127834,
SWE,HHDI,NET,AGRWTH,A,2018,1.337907312,
SWE,HHDI,NET,AGRWTH,A,2019,2.224141203,
CHE,HHDI,NET,AGRWTH,A,1996,0.29868126,
CHE,HHDI,NET,AGRWTH,A,1997,5.095890276,
CHE,HHDI,NET,AGRWTH,A,1998,2.187088701,
CHE,HHDI,NET,AGRWTH,A,1999,4.034975208,
CHE,HHDI,NET,AGRWTH,A,2000,2.203296518,
CHE,HHDI,NET,AGRWTH,A,2001,2.927446509,
CHE,HHDI,NET,AGRWTH,A,2002,-0.482509535,
CHE,HHDI,NET,AGRWTH,A,2003,-0.563293874,
CHE,HHDI,NET,AGRWTH,A,2004,2.168513757,
CHE,HHDI,NET,AGRWTH,A,2005,2.563061226,
CHE,HHDI,NET,AGRWTH,A,2006,3.278387174,
CHE,HHDI,NET,AGRWTH,A,2007,3.798298168,
CHE,HHDI,NET,AGRWTH,A,2008,1.36675264,
CHE,HHDI,NET,AGRWTH,A,2009,1.711743798,
CHE,HHDI,NET,AGRWTH,A,2010,1.67028309,
CHE,HHDI,NET,AGRWTH,A,2011,1.147794295,
CHE,HHDI,NET,AGRWTH,A,2012,2.641012179,
CHE,HHDI,NET,AGRWTH,A,2013,2.700781162,
CHE,HHDI,NET,AGRWTH,A,2014,1.740998622,
CHE,HHDI,NET,AGRWTH,A,2015,1.721414231,
CHE,HHDI,NET,AGRWTH,A,2016,1.509039921,
CHE,HHDI,NET,AGRWTH,A,2017,-0.397189831,E
CHE,HHDI,NET,AGRWTH,A,2018,1.037176235,E
CHE,HHDI,NET,AGRWTH,A,2019,1.357022607,E
GBR,HHDI,NET,AGRWTH,A,1996,2.682725556,
GBR,HHDI,NET,AGRWTH,A,1997,3.087274307,
GBR,HHDI,NET,AGRWTH,A,1998,1.23437473,
GBR,HHDI,NET,AGRWTH,A,1999,4.61105973,
GBR,HHDI,NET,AGRWTH,A,2000,5.751829679,
GBR,HHDI,NET,AGRWTH,A,2001,3.53734889,
GBR,HHDI,NET,AGRWTH,A,2002,3.271346544,
GBR,HHDI,NET,AGRWTH,A,2003,1.810040697,
GBR,HHDI,NET,AGRWTH,A,2004,2.830554738,
GBR,HHDI,NET,AGRWTH,A,2005,2.52899963,
GBR,HHDI,NET,AGRWTH,A,2006,1.775821799,
GBR,HHDI,NET,AGRWTH,A,2007,2.73140595,
GBR,HHDI,NET,AGRWTH,A,2008,0.02736509,
GBR,HHDI,NET,AGRWTH,A,2009,1.746025025,
GBR,HHDI,NET,AGRWTH,A,2010,0.634311127,
GBR,HHDI,NET,AGRWTH,A,2011,-1.296590592,
GBR,HHDI,NET,AGRWTH,A,2012,2.205120367,
GBR,HHDI,NET,AGRWTH,A,2013,1.81767298,
GBR,HHDI,NET,AGRWTH,A,2014,2.066535938,
GBR,HHDI,NET,AGRWTH,A,2015,5.603461542,
GBR,HHDI,NET,AGRWTH,A,2016,0.716305191,
GBR,HHDI,NET,AGRWTH,A,2017,0.241179724,
GBR,HHDI,NET,AGRWTH,A,2018,1.95948752,
GBR,HHDI,NET,AGRWTH,A,2019,1.737218853,
USA,HHDI,NET,AGRWTH,A,1971,4.619014788,
USA,HHDI,NET,AGRWTH,A,1972,4.749760176,
USA,HHDI,NET,AGRWTH,A,1973,6.015004027,
USA,HHDI,NET,AGRWTH,A,1974,-0.52182197,
USA,HHDI,NET,AGRWTH,A,1975,2.636988166,
USA,HHDI,NET,AGRWTH,A,1976,3.181616802,
USA,HHDI,NET,AGRWTH,A,1977,3.036179714,
USA,HHDI,NET,AGRWTH,A,1978,4.23835174,
USA,HHDI,NET,AGRWTH,A,1979,1.76617275,
USA,HHDI,NET,AGRWTH,A,1980,0.548713571,
USA,HHDI,NET,AGRWTH,A,1981,1.987005361,
USA,HHDI,NET,AGRWTH,A,1982,1.724519005,
USA,HHDI,NET,AGRWTH,A,1983,3.157600877,
USA,HHDI,NET,AGRWTH,A,1984,6.491144838,
USA,HHDI,NET,AGRWTH,A,1985,2.682834189,
USA,HHDI,NET,AGRWTH,A,1986,3.714456196,
USA,HHDI,NET,AGRWTH,A,1987,2.28803583,
USA,HHDI,NET,AGRWTH,A,1988,4.811074234,
USA,HHDI,NET,AGRWTH,A,1989,2.866419062,
USA,HHDI,NET,AGRWTH,A,1990,2.124001319,
USA,HHDI,NET,AGRWTH,A,1991,0.776769775,
USA,HHDI,NET,AGRWTH,A,1992,4.210161989,
USA,HHDI,NET,AGRWTH,A,1993,1.717237168,
USA,HHDI,NET,AGRWTH,A,1994,2.734747475,
USA,HHDI,NET,AGRWTH,A,1995,3.003247374,
USA,HHDI,NET,AGRWTH,A,1996,2.862534403,
USA,HHDI,NET,AGRWTH,A,1997,3.45703059,
USA,HHDI,NET,AGRWTH,A,1998,5.678435004,
USA,HHDI,NET,AGRWTH,A,1999,3.207673689,
USA,HHDI,NET,AGRWTH,A,2000,4.695141387,
USA,HHDI,NET,AGRWTH,A,2001,2.782603502,
USA,HHDI,NET,AGRWTH,A,2002,3.381096136,
USA,HHDI,NET,AGRWTH,A,2003,2.640027288,
USA,HHDI,NET,AGRWTH,A,2004,3.062466671,
USA,HHDI,NET,AGRWTH,A,2005,1.337036997,
USA,HHDI,NET,AGRWTH,A,2006,3.618184892,
USA,HHDI,NET,AGRWTH,A,2007,2.058502037,
USA,HHDI,NET,AGRWTH,A,2008,1.157766319,
USA,HHDI,NET,AGRWTH,A,2009,0.22207522,
USA,HHDI,NET,AGRWTH,A,2010,1.864025681,
USA,HHDI,NET,AGRWTH,A,2011,2.134766561,
USA,HHDI,NET,AGRWTH,A,2012,3.153628248,
USA,HHDI,NET,AGRWTH,A,2013,-1.140854417,
USA,HHDI,NET,AGRWTH,A,2014,3.768865447,
USA,HHDI,NET,AGRWTH,A,2015,3.932135163,
USA,HHDI,NET,AGRWTH,A,2016,1.865147092,
USA,HHDI,NET,AGRWTH,A,2017,2.657198944,
USA,HHDI,NET,AGRWTH,A,2018,3.603475422,
EST,HHDI,NET,AGRWTH,A,1996,0.473676679,
EST,HHDI,NET,AGRWTH,A,1997,4.385907213,
EST,HHDI,NET,AGRWTH,A,1998,2.658342378,
EST,HHDI,NET,AGRWTH,A,1999,0.488432153,
EST,HHDI,NET,AGRWTH,A,2000,6.656880867,
EST,HHDI,NET,AGRWTH,A,2001,3.579049732,
EST,HHDI,NET,AGRWTH,A,2002,1.661906167,
EST,HHDI,NET,AGRWTH,A,2003,8.255454216,
EST,HHDI,NET,AGRWTH,A,2004,5.692959325,
EST,HHDI,NET,AGRWTH,A,2005,9.831364464,
EST,HHDI,NET,AGRWTH,A,2006,12.25246172,
EST,HHDI,NET,AGRWTH,A,2007,7.204595116,
EST,HHDI,NET,AGRWTH,A,2008,6.752448248,
EST,HHDI,NET,AGRWTH,A,2009,-6.991669588,
EST,HHDI,NET,AGRWTH,A,2010,-3.393777785,
EST,HHDI,NET,AGRWTH,A,2011,3.45736878,
EST,HHDI,NET,AGRWTH,A,2012,-0.467283594,
EST,HHDI,NET,AGRWTH,A,2013,4.768124806,
EST,HHDI,NET,AGRWTH,A,2014,4.022333791,
EST,HHDI,NET,AGRWTH,A,2015,5.786613312,
EST,HHDI,NET,AGRWTH,A,2016,1.384323328,
EST,HHDI,NET,AGRWTH,A,2017,5.384216484,
EST,HHDI,NET,AGRWTH,A,2018,5.180994243,
EST,HHDI,NET,AGRWTH,A,2019,6.49158571,
RUS,HHDI,NET,AGRWTH,A,2012,5.840944081,
RUS,HHDI,NET,AGRWTH,A,2013,4.321146288,
RUS,HHDI,NET,AGRWTH,A,2014,2.80378162,
RUS,HHDI,NET,AGRWTH,A,2015,-4.991738608,
RUS,HHDI,NET,AGRWTH,A,2016,-1.627308967,
RUS,HHDI,NET,AGRWTH,A,2017,2.625729396,
RUS,HHDI,NET,AGRWTH,A,2018,1.907457737,
SVN,HHDI,NET,AGRWTH,A,1996,2.978015296,
SVN,HHDI,NET,AGRWTH,A,1997,4.909192245,
SVN,HHDI,NET,AGRWTH,A,1998,1.833585346,
SVN,HHDI,NET,AGRWTH,A,1999,3.428206564,
SVN,HHDI,NET,AGRWTH,A,2000,3.836047835,
SVN,HHDI,NET,AGRWTH,A,2001,3.849360606,
SVN,HHDI,NET,AGRWTH,A,2002,3.064553697,
SVN,HHDI,NET,AGRWTH,A,2003,0.395451885,
SVN,HHDI,NET,AGRWTH,A,2004,2.781850438,
SVN,HHDI,NET,AGRWTH,A,2005,4.423075103,
SVN,HHDI,NET,AGRWTH,A,2006,2.633441708,
SVN,HHDI,NET,AGRWTH,A,2007,3.995748429,
SVN,HHDI,NET,AGRWTH,A,2008,2.792596046,
SVN,HHDI,NET,AGRWTH,A,2009,-0.478076433,
SVN,HHDI,NET,AGRWTH,A,2010,-0.256529993,
SVN,HHDI,NET,AGRWTH,A,2011,0.428293144,
SVN,HHDI,NET,AGRWTH,A,2012,-3.896473498,
SVN,HHDI,NET,AGRWTH,A,2013,-2.164992677,
SVN,HHDI,NET,AGRWTH,A,2014,1.099140988,
SVN,HHDI,NET,AGRWTH,A,2015,2.307029845,
SVN,HHDI,NET,AGRWTH,A,2016,4.467987328,
SVN,HHDI,NET,AGRWTH,A,2017,3.04384785,
SVN,HHDI,NET,AGRWTH,A,2018,4.049326127,
SVN,HHDI,NET,AGRWTH,A,2019,4.086643196,
ZAF,HHDI,NET,AGRWTH,A,1996,5.910711606,
ZAF,HHDI,NET,AGRWTH,A,1997,1.4099733,
ZAF,HHDI,NET,AGRWTH,A,1998,1.765110071,
ZAF,HHDI,NET,AGRWTH,A,1999,1.283158555,
ZAF,HHDI,NET,AGRWTH,A,2000,3.524597597,
ZAF,HHDI,NET,AGRWTH,A,2001,3.009891986,
ZAF,HHDI,NET,AGRWTH,A,2002,4.468740983,
ZAF,HHDI,NET,AGRWTH,A,2003,3.734465241,
ZAF,HHDI,NET,AGRWTH,A,2004,5.606575756,
ZAF,HHDI,NET,AGRWTH,A,2005,4.177454209,
ZAF,HHDI,NET,AGRWTH,A,2006,5.975842189,
ZAF,HHDI,NET,AGRWTH,A,2007,5.613405753,
ZAF,HHDI,NET,AGRWTH,A,2008,1.482373449,
ZAF,HHDI,NET,AGRWTH,A,2009,0.87441669,
ZAF,HHDI,NET,AGRWTH,A,2010,3.067998916,
ZAF,HHDI,NET,AGRWTH,A,2011,6.752435916,
ZAF,HHDI,NET,AGRWTH,A,2012,3.305128959,
ZAF,HHDI,NET,AGRWTH,A,2013,1.92978505,
ZAF,HHDI,NET,AGRWTH,A,2014,1.692731737,
ZAF,HHDI,NET,AGRWTH,A,2015,3.837851131,
ZAF,HHDI,NET,AGRWTH,A,2016,-0.368767355,
ZAF,HHDI,NET,AGRWTH,A,2017,2.051972716,
ZAF,HHDI,NET,AGRWTH,A,2018,1.569375878,
ZAF,HHDI,NET,AGRWTH,A,2019,1.2785583,
EA,HHDI,NET,AGRWTH,A,2001,2.93877167,
EA,HHDI,NET,AGRWTH,A,2002,1.112693365,
EA,HHDI,NET,AGRWTH,A,2003,1.279651906,
EA,HHDI,NET,AGRWTH,A,2004,1.627217192,
EA,HHDI,NET,AGRWTH,A,2005,1.015692909,
EA,HHDI,NET,AGRWTH,A,2006,2.161755354,
EA,HHDI,NET,AGRWTH,A,2007,1.653834856,
EA,HHDI,NET,AGRWTH,A,2008,0.699800839,
EA,HHDI,NET,AGRWTH,A,2009,0.250858405,
EA,HHDI,NET,AGRWTH,A,2010,-0.074098143,
EA,HHDI,NET,AGRWTH,A,2011,-0.17623332,
EA,HHDI,NET,AGRWTH,A,2012,-1.504602769,
EA,HHDI,NET,AGRWTH,A,2013,-0.469614475,
EA,HHDI,NET,AGRWTH,A,2014,0.979935755,
EA,HHDI,NET,AGRWTH,A,2015,1.773727029,
EA,HHDI,NET,AGRWTH,A,2016,2.15568065,
EA,HHDI,NET,AGRWTH,A,2017,1.537343661,
EA,HHDI,NET,AGRWTH,A,2018,1.651330218,
EA,HHDI,NET,AGRWTH,A,2019,1.727613394,
EU,HHDI,NET,AGRWTH,A,2001,3.075146877,
EU,HHDI,NET,AGRWTH,A,2002,1.142807841,
EU,HHDI,NET,AGRWTH,A,2003,1.478933701,
EU,HHDI,NET,AGRWTH,A,2004,1.662615257,
EU,HHDI,NET,AGRWTH,A,2005,1.393292277,
EU,HHDI,NET,AGRWTH,A,2006,2.147170603,
EU,HHDI,NET,AGRWTH,A,2007,1.740253476,
EU,HHDI,NET,AGRWTH,A,2008,1.1888422,
EU,HHDI,NET,AGRWTH,A,2009,0.500068509,
EU,HHDI,NET,AGRWTH,A,2010,0.026392664,
EU,HHDI,NET,AGRWTH,A,2011,-0.006919293,
EU,HHDI,NET,AGRWTH,A,2012,-1.379713712,
EU,HHDI,NET,AGRWTH,A,2013,-0.229645094,
EU,HHDI,NET,AGRWTH,A,2014,0.983056357,
EU,HHDI,NET,AGRWTH,A,2015,1.907586887,
EU,HHDI,NET,AGRWTH,A,2016,2.520503806,
EU,HHDI,NET,AGRWTH,A,2017,1.773210248,
EU,HHDI,NET,AGRWTH,A,2018,1.747955262,
EU,HHDI,NET,AGRWTH,A,2019,2.02916065,
JPN,HHDI,GROSSADJ,USD_CAP,A,1994,15929.72111,
JPN,HHDI,GROSSADJ,USD_CAP,A,1995,16560.12042,
JPN,HHDI,GROSSADJ,USD_CAP,A,1996,16995.58435,
JPN,HHDI,GROSSADJ,USD_CAP,A,1997,17458.44674,
JPN,HHDI,GROSSADJ,USD_CAP,A,1998,17669.40614,
JPN,HHDI,GROSSADJ,USD_CAP,A,1999,17952.61837,
JPN,HHDI,GROSSADJ,USD_CAP,A,2000,19094.73522,
JPN,HHDI,GROSSADJ,USD_CAP,A,2001,19220.98813,
JPN,HHDI,GROSSADJ,USD_CAP,A,2002,20305.69416,
JPN,HHDI,GROSSADJ,USD_CAP,A,2003,20986.66742,
JPN,HHDI,GROSSADJ,USD_CAP,A,2004,21809.28994,
JPN,HHDI,GROSSADJ,USD_CAP,A,2005,22968.11878,
JPN,HHDI,GROSSADJ,USD_CAP,A,2006,23609.40695,
JPN,HHDI,GROSSADJ,USD_CAP,A,2007,24512.0437,
JPN,HHDI,GROSSADJ,USD_CAP,A,2008,25023.57106,
JPN,HHDI,GROSSADJ,USD_CAP,A,2009,25395.43852,
JPN,HHDI,GROSSADJ,USD_CAP,A,2010,26355.54878,
JPN,HHDI,GROSSADJ,USD_CAP,A,2011,27263.87946,
JPN,HHDI,GROSSADJ,USD_CAP,A,2012,28398.03121,
JPN,HHDI,GROSSADJ,USD_CAP,A,2013,30354.29709,
JPN,HHDI,GROSSADJ,USD_CAP,A,2014,29973.82333,
JPN,HHDI,GROSSADJ,USD_CAP,A,2015,30599.47886,
JPN,HHDI,GROSSADJ,USD_CAP,A,2016,29295.50595,
JPN,HHDI,GROSSADJ,USD_CAP,A,2017,29891.01142,
NLD,HHDI,GROSSADJ,USD_CAP,A,1995,16254.90829,
NLD,HHDI,GROSSADJ,USD_CAP,A,1996,16936.5901,
NLD,HHDI,GROSSADJ,USD_CAP,A,1997,17885.57163,
NLD,HHDI,GROSSADJ,USD_CAP,A,1998,18852.27093,
NLD,HHDI,GROSSADJ,USD_CAP,A,1999,19888.68167,
NLD,HHDI,GROSSADJ,USD_CAP,A,2000,22232.12666,
NLD,HHDI,GROSSADJ,USD_CAP,A,2001,23825.94938,
NLD,HHDI,GROSSADJ,USD_CAP,A,2002,25571.49494,
NLD,HHDI,GROSSADJ,USD_CAP,A,2003,24479.78821,
NLD,HHDI,GROSSADJ,USD_CAP,A,2004,25425.18073,
NLD,HHDI,GROSSADJ,USD_CAP,A,2005,25581.25136,
NLD,HHDI,GROSSADJ,USD_CAP,A,2006,27541.57707,
NLD,HHDI,GROSSADJ,USD_CAP,A,2007,29048.03622,
NLD,HHDI,GROSSADJ,USD_CAP,A,2008,30251.72918,
NLD,HHDI,GROSSADJ,USD_CAP,A,2009,30034.70431,
NLD,HHDI,GROSSADJ,USD_CAP,A,2010,29824.09885,
NLD,HHDI,GROSSADJ,USD_CAP,A,2011,30222.02884,
NLD,HHDI,GROSSADJ,USD_CAP,A,2012,30910.02704,
NLD,HHDI,GROSSADJ,USD_CAP,A,2013,31517.26606,
NLD,HHDI,GROSSADJ,USD_CAP,A,2014,31761.71443,
NLD,HHDI,GROSSADJ,USD_CAP,A,2015,32026.71503,
NLD,HHDI,GROSSADJ,USD_CAP,A,2016,33112.71709,
NLD,HHDI,GROSSADJ,USD_CAP,A,2017,34244.55212,
NLD,HHDI,GROSSADJ,USD_CAP,A,2018,36378.04103,E
NLD,HHDI,GROSSADJ,USD_CAP,A,2019,37115.85471,E
CZE,HHDI,GROSSADJ,USD_CAP,A,1995,9319.80868,
CZE,HHDI,GROSSADJ,USD_CAP,A,1996,10163.99249,
CZE,HHDI,GROSSADJ,USD_CAP,A,1997,10570.80954,
CZE,HHDI,GROSSADJ,USD_CAP,A,1998,10532.32905,
CZE,HHDI,GROSSADJ,USD_CAP,A,1999,10952.12798,
CZE,HHDI,GROSSADJ,USD_CAP,A,2000,11903.54334,
CZE,HHDI,GROSSADJ,USD_CAP,A,2001,12980.58077,
CZE,HHDI,GROSSADJ,USD_CAP,A,2002,13688.28461,
CZE,HHDI,GROSSADJ,USD_CAP,A,2003,14253.18467,
CZE,HHDI,GROSSADJ,USD_CAP,A,2004,14874.1348,
CZE,HHDI,GROSSADJ,USD_CAP,A,2005,15267.99424,
CZE,HHDI,GROSSADJ,USD_CAP,A,2006,15924.88827,
CZE,HHDI,GROSSADJ,USD_CAP,A,2007,16982.26104,
CZE,HHDI,GROSSADJ,USD_CAP,A,2008,17934.52605,
CZE,HHDI,GROSSADJ,USD_CAP,A,2009,18656.30981,
CZE,HHDI,GROSSADJ,USD_CAP,A,2010,19250.37841,
CZE,HHDI,GROSSADJ,USD_CAP,A,2011,19394.28138,
CZE,HHDI,GROSSADJ,USD_CAP,A,2012,19842.06809,
CZE,HHDI,GROSSADJ,USD_CAP,A,2013,20841.74719,
CZE,HHDI,GROSSADJ,USD_CAP,A,2014,21889.79644,
CZE,HHDI,GROSSADJ,USD_CAP,A,2015,22313.39322,
CZE,HHDI,GROSSADJ,USD_CAP,A,2016,23663.66529,
CZE,HHDI,GROSSADJ,USD_CAP,A,2017,25424.3002,
CZE,HHDI,GROSSADJ,USD_CAP,A,2018,26945.1469,
CZE,HHDI,GROSSADJ,USD_CAP,A,2019,27992.71393,
EU,HHDI,GROSSADJ,USD_CAP,A,1999,15995.34339,
EU,HHDI,GROSSADJ,USD_CAP,A,2000,17406.83008,
EU,HHDI,GROSSADJ,USD_CAP,A,2001,18439.43994,
EU,HHDI,GROSSADJ,USD_CAP,A,2002,19706.38387,
EU,HHDI,GROSSADJ,USD_CAP,A,2003,19800.95355,
EU,HHDI,GROSSADJ,USD_CAP,A,2004,20602.45988,
EU,HHDI,GROSSADJ,USD_CAP,A,2005,20847.6628,
EU,HHDI,GROSSADJ,USD_CAP,A,2006,21874.54215,
EU,HHDI,GROSSADJ,USD_CAP,A,2007,22905.77717,
EU,HHDI,GROSSADJ,USD_CAP,A,2008,24071.5557,
EU,HHDI,GROSSADJ,USD_CAP,A,2009,24035.4588,
EU,HHDI,GROSSADJ,USD_CAP,A,2010,24909.90077,
EU,HHDI,GROSSADJ,USD_CAP,A,2011,25475.12906,
EU,HHDI,GROSSADJ,USD_CAP,A,2012,25950.89514,
EU,HHDI,GROSSADJ,USD_CAP,A,2013,26637.43,
EU,HHDI,GROSSADJ,USD_CAP,A,2014,27015.03571,
EU,HHDI,GROSSADJ,USD_CAP,A,2015,27511.25958,
EU,HHDI,GROSSADJ,USD_CAP,A,2016,29188.48162,
EU,HHDI,GROSSADJ,USD_CAP,A,2017,30256.27008,
EU,HHDI,GROSSADJ,USD_CAP,A,2018,31704.5139,
EU,HHDI,GROSSADJ,USD_CAP,A,2019,32765.71103,
DEU,HHDI,GROSSADJ,USD_CAP,A,1995,19187.83988,
DEU,HHDI,GROSSADJ,USD_CAP,A,1996,19845.87802,
DEU,HHDI,GROSSADJ,USD_CAP,A,1997,20047.56148,
DEU,HHDI,GROSSADJ,USD_CAP,A,1998,20338.86067,
DEU,HHDI,GROSSADJ,USD_CAP,A,1999,21299.52389,
DEU,HHDI,GROSSADJ,USD_CAP,A,2000,22425.0655,
DEU,HHDI,GROSSADJ,USD_CAP,A,2001,23532.21109,
DEU,HHDI,GROSSADJ,USD_CAP,A,2002,24520.57935,
DEU,HHDI,GROSSADJ,USD_CAP,A,2003,25066.50572,
DEU,HHDI,GROSSADJ,USD_CAP,A,2004,25968.69242,
DEU,HHDI,GROSSADJ,USD_CAP,A,2005,26000.94866,
DEU,HHDI,GROSSADJ,USD_CAP,A,2006,26879.22042,
DEU,HHDI,GROSSADJ,USD_CAP,A,2007,27909.76445,
DEU,HHDI,GROSSADJ,USD_CAP,A,2008,29093.34313,
DEU,HHDI,GROSSADJ,USD_CAP,A,2009,29204.7717,
DEU,HHDI,GROSSADJ,USD_CAP,A,2010,30711.1223,
DEU,HHDI,GROSSADJ,USD_CAP,A,2011,32107.4927,
DEU,HHDI,GROSSADJ,USD_CAP,A,2012,33295.39063,
DEU,HHDI,GROSSADJ,USD_CAP,A,2013,34223.52378,
DEU,HHDI,GROSSADJ,USD_CAP,A,2014,35129.68698,
DEU,HHDI,GROSSADJ,USD_CAP,A,2015,35492.39643,
DEU,HHDI,GROSSADJ,USD_CAP,A,2016,37893.96185,
DEU,HHDI,GROSSADJ,USD_CAP,A,2017,39289.58753,
DEU,HHDI,GROSSADJ,USD_CAP,A,2018,41270.54786,
DEU,HHDI,GROSSADJ,USD_CAP,A,2019,42172.97677,
EA,HHDI,GROSSADJ,USD_CAP,A,1999,18440.97387,
EA,HHDI,GROSSADJ,USD_CAP,A,2000,20052.28802,
EA,HHDI,GROSSADJ,USD_CAP,A,2001,21168.45911,
EA,HHDI,GROSSADJ,USD_CAP,A,2002,22509.92372,
EA,HHDI,GROSSADJ,USD_CAP,A,2003,22518.45698,
EA,HHDI,GROSSADJ,USD_CAP,A,2004,23321.89478,
EA,HHDI,GROSSADJ,USD_CAP,A,2005,23547.33171,
EA,HHDI,GROSSADJ,USD_CAP,A,2006,24670.35608,
EA,HHDI,GROSSADJ,USD_CAP,A,2007,25638.05968,
EA,HHDI,GROSSADJ,USD_CAP,A,2008,26699.31238,
EA,HHDI,GROSSADJ,USD_CAP,A,2009,26540.10164,
EA,HHDI,GROSSADJ,USD_CAP,A,2010,27357.67317,
EA,HHDI,GROSSADJ,USD_CAP,A,2011,27843.25697,
EA,HHDI,GROSSADJ,USD_CAP,A,2012,28237.60036,
EA,HHDI,GROSSADJ,USD_CAP,A,2013,28960.92015,
EA,HHDI,GROSSADJ,USD_CAP,A,2014,29349.80577,
EA,HHDI,GROSSADJ,USD_CAP,A,2015,29807.70656,
EA,HHDI,GROSSADJ,USD_CAP,A,2016,31499.47105,
EA,HHDI,GROSSADJ,USD_CAP,A,2017,32546.52843,
EA,HHDI,GROSSADJ,USD_CAP,A,2018,34023.16628,
EA,HHDI,GROSSADJ,USD_CAP,A,2019,34981.97491,
GRC,HHDI,GROSSADJ,USD_CAP,A,1995,13157.53718,
GRC,HHDI,GROSSADJ,USD_CAP,A,1996,13469.505,
GRC,HHDI,GROSSADJ,USD_CAP,A,1997,13788.89453,
GRC,HHDI,GROSSADJ,USD_CAP,A,1998,14451.32194,
GRC,HHDI,GROSSADJ,USD_CAP,A,1999,14579.75919,
GRC,HHDI,GROSSADJ,USD_CAP,A,2000,15707.48924,
GRC,HHDI,GROSSADJ,USD_CAP,A,2001,16973.33352,
GRC,HHDI,GROSSADJ,USD_CAP,A,2002,18883.27656,
GRC,HHDI,GROSSADJ,USD_CAP,A,2003,19467.60457,
GRC,HHDI,GROSSADJ,USD_CAP,A,2004,20560.39801,
GRC,HHDI,GROSSADJ,USD_CAP,A,2005,20437.17113,
GRC,HHDI,GROSSADJ,USD_CAP,A,2006,22131.01406,
GRC,HHDI,GROSSADJ,USD_CAP,A,2007,22939.38387,
GRC,HHDI,GROSSADJ,USD_CAP,A,2008,24398.72806,
GRC,HHDI,GROSSADJ,USD_CAP,A,2009,24570.89741,
GRC,HHDI,GROSSADJ,USD_CAP,A,2010,22102.61369,B
GRC,HHDI,GROSSADJ,USD_CAP,A,2011,20129.59295,
GRC,HHDI,GROSSADJ,USD_CAP,A,2012,18687.54737,
GRC,HHDI,GROSSADJ,USD_CAP,A,2013,18617.45676,
GRC,HHDI,GROSSADJ,USD_CAP,A,2014,19276.78426,
GRC,HHDI,GROSSADJ,USD_CAP,A,2015,19520.52887,
GRC,HHDI,GROSSADJ,USD_CAP,A,2016,19947.75996,
GRC,HHDI,GROSSADJ,USD_CAP,A,2017,20686.61247,E
GRC,HHDI,GROSSADJ,USD_CAP,A,2018,21459.59004,E
GRC,HHDI,GROSSADJ,USD_CAP,A,2019,22430.8061,E
PRT,HHDI,GROSSADJ,USD_CAP,A,1995,11869.89278,
PRT,HHDI,GROSSADJ,USD_CAP,A,1996,12298.99728,
PRT,HHDI,GROSSADJ,USD_CAP,A,1997,12833.67382,
PRT,HHDI,GROSSADJ,USD_CAP,A,1998,13472.43787,
PRT,HHDI,GROSSADJ,USD_CAP,A,1999,14470.6221,
PRT,HHDI,GROSSADJ,USD_CAP,A,2000,15881.49579,
PRT,HHDI,GROSSADJ,USD_CAP,A,2001,16470.71121,
PRT,HHDI,GROSSADJ,USD_CAP,A,2002,17407.10351,
PRT,HHDI,GROSSADJ,USD_CAP,A,2003,17598.20169,
PRT,HHDI,GROSSADJ,USD_CAP,A,2004,18197.51596,
PRT,HHDI,GROSSADJ,USD_CAP,A,2005,18875.55369,
PRT,HHDI,GROSSADJ,USD_CAP,A,2006,19588.86322,
PRT,HHDI,GROSSADJ,USD_CAP,A,2007,20033.57005,
PRT,HHDI,GROSSADJ,USD_CAP,A,2008,20962.28024,
PRT,HHDI,GROSSADJ,USD_CAP,A,2009,21088.43363,
PRT,HHDI,GROSSADJ,USD_CAP,A,2010,21545.50426,
PRT,HHDI,GROSSADJ,USD_CAP,A,2011,20912.36186,
PRT,HHDI,GROSSADJ,USD_CAP,A,2012,20930.66409,
PRT,HHDI,GROSSADJ,USD_CAP,A,2013,21837.32895,
PRT,HHDI,GROSSADJ,USD_CAP,A,2014,21837.83114,
PRT,HHDI,GROSSADJ,USD_CAP,A,2015,22627.67191,
PRT,HHDI,GROSSADJ,USD_CAP,A,2016,23946.10216,
PRT,HHDI,GROSSADJ,USD_CAP,A,2017,24508.12721,
PRT,HHDI,GROSSADJ,USD_CAP,A,2018,26207.64769,
PRT,HHDI,GROSSADJ,USD_CAP,A,2019,27383.55264,E
AUS,HHDI,GROSSADJ,USD_CAP,A,1970,3494.219831,
AUS,HHDI,GROSSADJ,USD_CAP,A,1971,3649.864693,
AUS,HHDI,GROSSADJ,USD_CAP,A,1972,3954.307024,
AUS,HHDI,GROSSADJ,USD_CAP,A,1973,4442.261163,
AUS,HHDI,GROSSADJ,USD_CAP,A,1974,4918.349907,
AUS,HHDI,GROSSADJ,USD_CAP,A,1975,5324.042302,
AUS,HHDI,GROSSADJ,USD_CAP,A,1976,5722.134702,
AUS,HHDI,GROSSADJ,USD_CAP,A,1977,6087.216293,
AUS,HHDI,GROSSADJ,USD_CAP,A,1978,6637.400015,
AUS,HHDI,GROSSADJ,USD_CAP,A,1979,7204.525418,
AUS,HHDI,GROSSADJ,USD_CAP,A,1980,8141.664144,
AUS,HHDI,GROSSADJ,USD_CAP,A,1981,9207.213169,
AUS,HHDI,GROSSADJ,USD_CAP,A,1982,9503.805591,
AUS,HHDI,GROSSADJ,USD_CAP,A,1983,10149.93816,
AUS,HHDI,GROSSADJ,USD_CAP,A,1984,10680.5363,
AUS,HHDI,GROSSADJ,USD_CAP,A,1985,11265.08667,
AUS,HHDI,GROSSADJ,USD_CAP,A,1986,11352.62602,
AUS,HHDI,GROSSADJ,USD_CAP,A,1987,11815.16027,
AUS,HHDI,GROSSADJ,USD_CAP,A,1988,12736.23263,
AUS,HHDI,GROSSADJ,USD_CAP,A,1989,13597.62062,
AUS,HHDI,GROSSADJ,USD_CAP,A,1990,14045.22848,
AUS,HHDI,GROSSADJ,USD_CAP,A,1991,14432.3108,
AUS,HHDI,GROSSADJ,USD_CAP,A,1992,14956.36607,
AUS,HHDI,GROSSADJ,USD_CAP,A,1993,15503.41526,
AUS,HHDI,GROSSADJ,USD_CAP,A,1994,16267.89476,
AUS,HHDI,GROSSADJ,USD_CAP,A,1995,16991.24849,
AUS,HHDI,GROSSADJ,USD_CAP,A,1996,17805.75959,
AUS,HHDI,GROSSADJ,USD_CAP,A,1997,18443.48862,
AUS,HHDI,GROSSADJ,USD_CAP,A,1998,19170.66877,
AUS,HHDI,GROSSADJ,USD_CAP,A,1999,20060.55213,
AUS,HHDI,GROSSADJ,USD_CAP,A,2000,21674.31206,
AUS,HHDI,GROSSADJ,USD_CAP,A,2001,22803.33601,
AUS,HHDI,GROSSADJ,USD_CAP,A,2002,23486.45027,
AUS,HHDI,GROSSADJ,USD_CAP,A,2003,24498.05564,
AUS,HHDI,GROSSADJ,USD_CAP,A,2004,26281.81929,
AUS,HHDI,GROSSADJ,USD_CAP,A,2005,26672.61107,
AUS,HHDI,GROSSADJ,USD_CAP,A,2006,27810.67357,
AUS,HHDI,GROSSADJ,USD_CAP,A,2007,29798.66909,
AUS,HHDI,GROSSADJ,USD_CAP,A,2008,31366.25738,
AUS,HHDI,GROSSADJ,USD_CAP,A,2009,31103.35821,
AUS,HHDI,GROSSADJ,USD_CAP,A,2010,32870.813,
AUS,HHDI,GROSSADJ,USD_CAP,A,2011,34222.19817,
AUS,HHDI,GROSSADJ,USD_CAP,A,2012,34200.4186,
AUS,HHDI,GROSSADJ,USD_CAP,A,2013,36275.4875,
AUS,HHDI,GROSSADJ,USD_CAP,A,2014,36993.5324,
AUS,HHDI,GROSSADJ,USD_CAP,A,2015,37736.40442,
AUS,HHDI,GROSSADJ,USD_CAP,A,2016,39033.10318,
AUS,HHDI,GROSSADJ,USD_CAP,A,2017,38791.90929,
AUS,HHDI,GROSSADJ,USD_CAP,A,2018,39647.31835,
AUS,HHDI,GROSSADJ,USD_CAP,A,2019,41185.86863,E
CHL,HHDI,GROSSADJ,USD_CAP,A,2003,7285.344709,
CHL,HHDI,GROSSADJ,USD_CAP,A,2004,7606.222344,
CHL,HHDI,GROSSADJ,USD_CAP,A,2005,8309.629778,
CHL,HHDI,GROSSADJ,USD_CAP,A,2006,10028.28567,
CHL,HHDI,GROSSADJ,USD_CAP,A,2007,10522.47987,
CHL,HHDI,GROSSADJ,USD_CAP,A,2008,11321.03537,
CHL,HHDI,GROSSADJ,USD_CAP,A,2009,11512.55958,
CHL,HHDI,GROSSADJ,USD_CAP,A,2010,12126.61506,
CHL,HHDI,GROSSADJ,USD_CAP,A,2011,13663.82566,
CHL,HHDI,GROSSADJ,USD_CAP,A,2012,14974.78429,
CHL,HHDI,GROSSADJ,USD_CAP,A,2013,16076.37328,
CHL,HHDI,GROSSADJ,USD_CAP,A,2014,16289.84295,
CHL,HHDI,GROSSADJ,USD_CAP,A,2015,16041.44584,
CHL,HHDI,GROSSADJ,USD_CAP,A,2016,16925.43803,
CHL,HHDI,GROSSADJ,USD_CAP,A,2017,17202.2081,
CHL,HHDI,GROSSADJ,USD_CAP,A,2018,17338.41502,
ITA,HHDI,GROSSADJ,USD_CAP,A,1995,17915.7172,
ITA,HHDI,GROSSADJ,USD_CAP,A,1996,18420.96262,
ITA,HHDI,GROSSADJ,USD_CAP,A,1997,18869.4199,
ITA,HHDI,GROSSADJ,USD_CAP,A,1998,19152.55998,
ITA,HHDI,GROSSADJ,USD_CAP,A,1999,19666.51656,
ITA,HHDI,GROSSADJ,USD_CAP,A,2000,21217.67361,
ITA,HHDI,GROSSADJ,USD_CAP,A,2001,22044.2697,
ITA,HHDI,GROSSADJ,USD_CAP,A,2002,23206.1716,
ITA,HHDI,GROSSADJ,USD_CAP,A,2003,23296.41168,
ITA,HHDI,GROSSADJ,USD_CAP,A,2004,23871.04341,
ITA,HHDI,GROSSADJ,USD_CAP,A,2005,23945.17815,
ITA,HHDI,GROSSADJ,USD_CAP,A,2006,25081.01332,
ITA,HHDI,GROSSADJ,USD_CAP,A,2007,26166.66663,
ITA,HHDI,GROSSADJ,USD_CAP,A,2008,27264.55156,
ITA,HHDI,GROSSADJ,USD_CAP,A,2009,26590.85799,
ITA,HHDI,GROSSADJ,USD_CAP,A,2010,27572.83686,
ITA,HHDI,GROSSADJ,USD_CAP,A,2011,27769.43732,
ITA,HHDI,GROSSADJ,USD_CAP,A,2012,27151.31523,
ITA,HHDI,GROSSADJ,USD_CAP,A,2013,27382.85501,
ITA,HHDI,GROSSADJ,USD_CAP,A,2014,27162.42956,
ITA,HHDI,GROSSADJ,USD_CAP,A,2015,27483.46721,
ITA,HHDI,GROSSADJ,USD_CAP,A,2016,29226.22646,
ITA,HHDI,GROSSADJ,USD_CAP,A,2017,30174.71391,
ITA,HHDI,GROSSADJ,USD_CAP,A,2018,31423.55711,
ITA,HHDI,GROSSADJ,USD_CAP,A,2019,32256.5005,
CAN,HHDI,GROSSADJ,USD_CAP,A,1993,16625.93978,E
CAN,HHDI,GROSSADJ,USD_CAP,A,1994,16862.6852,E
CAN,HHDI,GROSSADJ,USD_CAP,A,1995,17167.49596,E
CAN,HHDI,GROSSADJ,USD_CAP,A,1996,17412.43635,E
CAN,HHDI,GROSSADJ,USD_CAP,A,1997,17913.82529,E
CAN,HHDI,GROSSADJ,USD_CAP,A,1998,18492.78253,E
CAN,HHDI,GROSSADJ,USD_CAP,A,1999,19270.54903,E
CAN,HHDI,GROSSADJ,USD_CAP,A,2000,20299.3854,E
CAN,HHDI,GROSSADJ,USD_CAP,A,2001,21282.37255,E
CAN,HHDI,GROSSADJ,USD_CAP,A,2002,21851.11197,E
CAN,HHDI,GROSSADJ,USD_CAP,A,2003,22319.55619,E
CAN,HHDI,GROSSADJ,USD_CAP,A,2004,23431.64071,E
CAN,HHDI,GROSSADJ,USD_CAP,A,2005,24238.48838,E
CAN,HHDI,GROSSADJ,USD_CAP,A,2006,25232.22503,E
CAN,HHDI,GROSSADJ,USD_CAP,A,2007,26568.44114,E
CAN,HHDI,GROSSADJ,USD_CAP,A,2008,27380.74987,E
CAN,HHDI,GROSSADJ,USD_CAP,A,2009,27359.70367,E
CAN,HHDI,GROSSADJ,USD_CAP,A,2010,28485.92251,E
CAN,HHDI,GROSSADJ,USD_CAP,A,2011,29113.95734,E
CAN,HHDI,GROSSADJ,USD_CAP,A,2012,29745.72052,E
CAN,HHDI,GROSSADJ,USD_CAP,A,2013,30676.67386,E
CAN,HHDI,GROSSADJ,USD_CAP,A,2014,31379.91033,E
CAN,HHDI,GROSSADJ,USD_CAP,A,2015,31939.53983,E
CAN,HHDI,GROSSADJ,USD_CAP,A,2016,33594.30165,E
CAN,HHDI,GROSSADJ,USD_CAP,A,2017,34556.08889,E
CAN,HHDI,GROSSADJ,USD_CAP,A,2018,35680.00091,E
CAN,HHDI,GROSSADJ,USD_CAP,A,2019,35896.45554,E
SVN,HHDI,GROSSADJ,USD_CAP,A,1995,10691.31289,
SVN,HHDI,GROSSADJ,USD_CAP,A,1996,11258.60625,
SVN,HHDI,GROSSADJ,USD_CAP,A,1997,12039.57068,
SVN,HHDI,GROSSADJ,USD_CAP,A,1998,12396.76846,
SVN,HHDI,GROSSADJ,USD_CAP,A,1999,13002.98148,
SVN,HHDI,GROSSADJ,USD_CAP,A,2000,14388.52779,
SVN,HHDI,GROSSADJ,USD_CAP,A,2001,15157.93075,
SVN,HHDI,GROSSADJ,USD_CAP,A,2002,16515.25667,
SVN,HHDI,GROSSADJ,USD_CAP,A,2003,16412.29566,
SVN,HHDI,GROSSADJ,USD_CAP,A,2004,17189.67283,
SVN,HHDI,GROSSADJ,USD_CAP,A,2005,17702.05033,
SVN,HHDI,GROSSADJ,USD_CAP,A,2006,18419.52942,
SVN,HHDI,GROSSADJ,USD_CAP,A,2007,19331.12562,
SVN,HHDI,GROSSADJ,USD_CAP,A,2008,20688.6783,B
SVN,HHDI,GROSSADJ,USD_CAP,A,2009,19885.96622,
SVN,HHDI,GROSSADJ,USD_CAP,A,2010,20512.85328,
SVN,HHDI,GROSSADJ,USD_CAP,A,2011,21101.69474,
SVN,HHDI,GROSSADJ,USD_CAP,A,2012,21099.81595,
SVN,HHDI,GROSSADJ,USD_CAP,A,2013,21370.28661,
SVN,HHDI,GROSSADJ,USD_CAP,A,2014,21463.64838,
SVN,HHDI,GROSSADJ,USD_CAP,A,2015,21849.12244,
SVN,HHDI,GROSSADJ,USD_CAP,A,2016,23387.75056,
SVN,HHDI,GROSSADJ,USD_CAP,A,2017,24681.61551,
SVN,HHDI,GROSSADJ,USD_CAP,A,2018,26231.01457,
SVN,HHDI,GROSSADJ,USD_CAP,A,2019,27558.35591,
CHE,HHDI,GROSSADJ,USD_CAP,A,1995,20353.24802,
CHE,HHDI,GROSSADJ,USD_CAP,A,1996,20813.71334,
CHE,HHDI,GROSSADJ,USD_CAP,A,1997,22314.05887,
CHE,HHDI,GROSSADJ,USD_CAP,A,1998,22801.44044,
CHE,HHDI,GROSSADJ,USD_CAP,A,1999,23923.94949,
CHE,HHDI,GROSSADJ,USD_CAP,A,2000,25463.11348,
CHE,HHDI,GROSSADJ,USD_CAP,A,2001,26575.93006,
CHE,HHDI,GROSSADJ,USD_CAP,A,2002,27748.63749,
CHE,HHDI,GROSSADJ,USD_CAP,A,2003,27094.35735,
CHE,HHDI,GROSSADJ,USD_CAP,A,2004,28070.98229,
CHE,HHDI,GROSSADJ,USD_CAP,A,2005,28487.90344,
CHE,HHDI,GROSSADJ,USD_CAP,A,2006,30342.9053,
CHE,HHDI,GROSSADJ,USD_CAP,A,2007,33201.16211,
CHE,HHDI,GROSSADJ,USD_CAP,A,2008,34788.50347,
CHE,HHDI,GROSSADJ,USD_CAP,A,2009,35035.33878,
CHE,HHDI,GROSSADJ,USD_CAP,A,2010,35176.23691,
CHE,HHDI,GROSSADJ,USD_CAP,A,2011,35757.55766,
CHE,HHDI,GROSSADJ,USD_CAP,A,2012,37092.67354,
CHE,HHDI,GROSSADJ,USD_CAP,A,2013,38886.12342,
CHE,HHDI,GROSSADJ,USD_CAP,A,2014,39669.65731,
CHE,HHDI,GROSSADJ,USD_CAP,A,2015,40099.38308,
CHE,HHDI,GROSSADJ,USD_CAP,A,2016,41081.42374,
CHE,HHDI,GROSSADJ,USD_CAP,A,2017,40400.02757,E
CHE,HHDI,GROSSADJ,USD_CAP,A,2018,41594.03488,E
CHE,HHDI,GROSSADJ,USD_CAP,A,2019,42148.81962,E
ZAF,HHDI,GROSSADJ,USD_CAP,A,1995,4352.419299,
ZAF,HHDI,GROSSADJ,USD_CAP,A,1996,4612.255103,
ZAF,HHDI,GROSSADJ,USD_CAP,A,1997,4670.954006,
ZAF,HHDI,GROSSADJ,USD_CAP,A,1998,4711.711242,
ZAF,HHDI,GROSSADJ,USD_CAP,A,1999,4770.632401,
ZAF,HHDI,GROSSADJ,USD_CAP,A,2000,4985.565627,
ZAF,HHDI,GROSSADJ,USD_CAP,A,2001,5159.442789,
ZAF,HHDI,GROSSADJ,USD_CAP,A,2002,5339.143972,
ZAF,HHDI,GROSSADJ,USD_CAP,A,2003,5587.600495,
ZAF,HHDI,GROSSADJ,USD_CAP,A,2004,5977.463943,
ZAF,HHDI,GROSSADJ,USD_CAP,A,2005,6334.699918,
ZAF,HHDI,GROSSADJ,USD_CAP,A,2006,6822.967917,
ZAF,HHDI,GROSSADJ,USD_CAP,A,2007,7309.573244,
ZAF,HHDI,GROSSADJ,USD_CAP,A,2008,7565.845444,
ZAF,HHDI,GROSSADJ,USD_CAP,A,2009,7520.652959,
ZAF,HHDI,GROSSADJ,USD_CAP,A,2010,7783.068349,
ZAF,HHDI,GROSSADJ,USD_CAP,A,2011,8353.281523,
ZAF,HHDI,GROSSADJ,USD_CAP,A,2012,8738.761874,
ZAF,HHDI,GROSSADJ,USD_CAP,A,2013,8943.616652,
ZAF,HHDI,GROSSADJ,USD_CAP,A,2014,8965.05282,
ZAF,HHDI,GROSSADJ,USD_CAP,A,2015,9152.088964,
ZAF,HHDI,GROSSADJ,USD_CAP,A,2016,9075.03997,
ZAF,HHDI,GROSSADJ,USD_CAP,A,2017,9202.201484,
SVK,HHDI,GROSSADJ,USD_CAP,A,1995,6320.666973,
SVK,HHDI,GROSSADJ,USD_CAP,A,1996,7681.687424,
SVK,HHDI,GROSSADJ,USD_CAP,A,1997,8446.357928,
SVK,HHDI,GROSSADJ,USD_CAP,A,1998,8770.419224,
SVK,HHDI,GROSSADJ,USD_CAP,A,1999,8436.986286,
SVK,HHDI,GROSSADJ,USD_CAP,A,2000,9053.478694,
SVK,HHDI,GROSSADJ,USD_CAP,A,2001,9912.389482,
SVK,HHDI,GROSSADJ,USD_CAP,A,2002,10889.80835,
SVK,HHDI,GROSSADJ,USD_CAP,A,2003,10630.91049,
SVK,HHDI,GROSSADJ,USD_CAP,A,2004,11396.20143,
SVK,HHDI,GROSSADJ,USD_CAP,A,2005,11766.72516,
SVK,HHDI,GROSSADJ,USD_CAP,A,2006,12567.98385,
SVK,HHDI,GROSSADJ,USD_CAP,A,2007,14200.28355,
SVK,HHDI,GROSSADJ,USD_CAP,A,2008,16057.50253,
SVK,HHDI,GROSSADJ,USD_CAP,A,2009,16421.92657,
SVK,HHDI,GROSSADJ,USD_CAP,A,2010,18068.25018,
SVK,HHDI,GROSSADJ,USD_CAP,A,2011,18092.51419,
SVK,HHDI,GROSSADJ,USD_CAP,A,2012,18820.05228,
SVK,HHDI,GROSSADJ,USD_CAP,A,2013,19407.84436,
SVK,HHDI,GROSSADJ,USD_CAP,A,2014,19636.37327,
SVK,HHDI,GROSSADJ,USD_CAP,A,2015,20401.54075,
SVK,HHDI,GROSSADJ,USD_CAP,A,2016,19969.98648,
SVK,HHDI,GROSSADJ,USD_CAP,A,2017,20149.73315,
SVK,HHDI,GROSSADJ,USD_CAP,A,2018,21691.22672,
SVK,HHDI,GROSSADJ,USD_CAP,A,2019,22380.87652,
IRL,HHDI,GROSSADJ,USD_CAP,A,1995,12464.60059,
IRL,HHDI,GROSSADJ,USD_CAP,A,1996,13413.0715,
IRL,HHDI,GROSSADJ,USD_CAP,A,1997,14058.49968,
IRL,HHDI,GROSSADJ,USD_CAP,A,1998,15348.83486,
IRL,HHDI,GROSSADJ,USD_CAP,A,1999,15780.4127,
IRL,HHDI,GROSSADJ,USD_CAP,A,2000,17530.95179,
IRL,HHDI,GROSSADJ,USD_CAP,A,2001,19358.99882,
IRL,HHDI,GROSSADJ,USD_CAP,A,2002,20560.43276,
IRL,HHDI,GROSSADJ,USD_CAP,A,2003,21100.13603,
IRL,HHDI,GROSSADJ,USD_CAP,A,2004,22382.19334,
IRL,HHDI,GROSSADJ,USD_CAP,A,2005,23503.29954,
IRL,HHDI,GROSSADJ,USD_CAP,A,2006,24597.53306,
IRL,HHDI,GROSSADJ,USD_CAP,A,2007,25459.088,
IRL,HHDI,GROSSADJ,USD_CAP,A,2008,26221.95112,
IRL,HHDI,GROSSADJ,USD_CAP,A,2009,24986.01868,
IRL,HHDI,GROSSADJ,USD_CAP,A,2010,25716.60413,
IRL,HHDI,GROSSADJ,USD_CAP,A,2011,24269.39658,
IRL,HHDI,GROSSADJ,USD_CAP,A,2012,25306.17155,
IRL,HHDI,GROSSADJ,USD_CAP,A,2013,25112.22252,
IRL,HHDI,GROSSADJ,USD_CAP,A,2014,24907.56479,
IRL,HHDI,GROSSADJ,USD_CAP,A,2015,25691.42127,
IRL,HHDI,GROSSADJ,USD_CAP,A,2016,27226.73235,
IRL,HHDI,GROSSADJ,USD_CAP,A,2017,28462.08204,
IRL,HHDI,GROSSADJ,USD_CAP,A,2018,29626.30302,
IRL,HHDI,GROSSADJ,USD_CAP,A,2019,31147.06729,
MEX,HHDI,GROSSADJ,USD_CAP,A,2003,9514.413733,
MEX,HHDI,GROSSADJ,USD_CAP,A,2004,10157.40457,
MEX,HHDI,GROSSADJ,USD_CAP,A,2005,10484.67075,
MEX,HHDI,GROSSADJ,USD_CAP,A,2006,11545.79262,
MEX,HHDI,GROSSADJ,USD_CAP,A,2007,11911.70023,
MEX,HHDI,GROSSADJ,USD_CAP,A,2008,12590.72374,
MEX,HHDI,GROSSADJ,USD_CAP,A,2009,12643.07662,
MEX,HHDI,GROSSADJ,USD_CAP,A,2010,13043.34618,
MEX,HHDI,GROSSADJ,USD_CAP,A,2011,14040.91042,
MEX,HHDI,GROSSADJ,USD_CAP,A,2012,14275.02633,
MEX,HHDI,GROSSADJ,USD_CAP,A,2013,14594.33339,
MEX,HHDI,GROSSADJ,USD_CAP,A,2014,15118.4298,
MEX,HHDI,GROSSADJ,USD_CAP,A,2015,16040.53826,
MEX,HHDI,GROSSADJ,USD_CAP,A,2016,16882.39182,
MEX,HHDI,GROSSADJ,USD_CAP,A,2017,16711.28608,
MEX,HHDI,GROSSADJ,USD_CAP,A,2018,16906.79601,E
MEX,HHDI,GROSSADJ,USD_CAP,A,2019,17385.78512,E
POL,HHDI,GROSSADJ,USD_CAP,A,1995,6483.41433,
POL,HHDI,GROSSADJ,USD_CAP,A,1996,7012.541703,
POL,HHDI,GROSSADJ,USD_CAP,A,1997,7589.905132,
POL,HHDI,GROSSADJ,USD_CAP,A,1998,8097.561037,
POL,HHDI,GROSSADJ,USD_CAP,A,1999,8571.079988,
POL,HHDI,GROSSADJ,USD_CAP,A,2000,9317.720395,
POL,HHDI,GROSSADJ,USD_CAP,A,2001,9896.343208,
POL,HHDI,GROSSADJ,USD_CAP,A,2002,10605.36872,
POL,HHDI,GROSSADJ,USD_CAP,A,2003,10632.61754,
POL,HHDI,GROSSADJ,USD_CAP,A,2004,10921.40665,
POL,HHDI,GROSSADJ,USD_CAP,A,2005,10719.76674,
POL,HHDI,GROSSADJ,USD_CAP,A,2006,11486.00348,
POL,HHDI,GROSSADJ,USD_CAP,A,2007,12756.26791,
POL,HHDI,GROSSADJ,USD_CAP,A,2008,13751.2449,
POL,HHDI,GROSSADJ,USD_CAP,A,2009,14456.73932,
POL,HHDI,GROSSADJ,USD_CAP,A,2010,16024.92062,
POL,HHDI,GROSSADJ,USD_CAP,A,2011,16826.03457,
POL,HHDI,GROSSADJ,USD_CAP,A,2012,17860.60468,
POL,HHDI,GROSSADJ,USD_CAP,A,2013,18429.03743,
POL,HHDI,GROSSADJ,USD_CAP,A,2014,18838.31711,
POL,HHDI,GROSSADJ,USD_CAP,A,2015,19577.6713,
POL,HHDI,GROSSADJ,USD_CAP,A,2016,20918.7864,
POL,HHDI,GROSSADJ,USD_CAP,A,2017,21634.14966,
POL,HHDI,GROSSADJ,USD_CAP,A,2018,22777.31918,
POL,HHDI,GROSSADJ,USD_CAP,A,2019,24220.14561,
BEL,HHDI,GROSSADJ,USD_CAP,A,1995,17514.87552,
BEL,HHDI,GROSSADJ,USD_CAP,A,1996,17765.42163,
BEL,HHDI,GROSSADJ,USD_CAP,A,1997,18108.16155,
BEL,HHDI,GROSSADJ,USD_CAP,A,1998,18450.20699,
BEL,HHDI,GROSSADJ,USD_CAP,A,1999,19180.47543,
BEL,HHDI,GROSSADJ,USD_CAP,A,2000,21598.80661,
BEL,HHDI,GROSSADJ,USD_CAP,A,2001,22525.26893,
BEL,HHDI,GROSSADJ,USD_CAP,A,2002,24006.62543,
BEL,HHDI,GROSSADJ,USD_CAP,A,2003,23790.55226,
BEL,HHDI,GROSSADJ,USD_CAP,A,2004,24219.88806,
BEL,HHDI,GROSSADJ,USD_CAP,A,2005,24523.12914,
BEL,HHDI,GROSSADJ,USD_CAP,A,2006,25582.35595,
BEL,HHDI,GROSSADJ,USD_CAP,A,2007,26329.46118,
BEL,HHDI,GROSSADJ,USD_CAP,A,2008,27855.56167,
BEL,HHDI,GROSSADJ,USD_CAP,A,2009,27909.21441,
BEL,HHDI,GROSSADJ,USD_CAP,A,2010,28785.60649,
BEL,HHDI,GROSSADJ,USD_CAP,A,2011,29401.73356,
BEL,HHDI,GROSSADJ,USD_CAP,A,2012,30451.08463,
BEL,HHDI,GROSSADJ,USD_CAP,A,2013,31616.37919,
BEL,HHDI,GROSSADJ,USD_CAP,A,2014,32229.0357,
BEL,HHDI,GROSSADJ,USD_CAP,A,2015,32596.75297,
BEL,HHDI,GROSSADJ,USD_CAP,A,2016,33833.87596,
BEL,HHDI,GROSSADJ,USD_CAP,A,2017,34789.12572,
BEL,HHDI,GROSSADJ,USD_CAP,A,2018,36281.5475,
BEL,HHDI,GROSSADJ,USD_CAP,A,2019,37584.82657,
SWE,HHDI,GROSSADJ,USD_CAP,A,1970,3372.054259,E
SWE,HHDI,GROSSADJ,USD_CAP,A,1971,3572.714557,E
SWE,HHDI,GROSSADJ,USD_CAP,A,1972,3733.176939,E
SWE,HHDI,GROSSADJ,USD_CAP,A,1973,4004.520974,E
SWE,HHDI,GROSSADJ,USD_CAP,A,1974,4581.022142,E
SWE,HHDI,GROSSADJ,USD_CAP,A,1975,5151.283625,E
SWE,HHDI,GROSSADJ,USD_CAP,A,1976,5609.769761,E
SWE,HHDI,GROSSADJ,USD_CAP,A,1977,6101.877604,E
SWE,HHDI,GROSSADJ,USD_CAP,A,1978,6431.011952,E
SWE,HHDI,GROSSADJ,USD_CAP,A,1979,7262.397748,E
SWE,HHDI,GROSSADJ,USD_CAP,A,1980,8184.001111,E
SWE,HHDI,GROSSADJ,USD_CAP,A,1981,8538.984899,E
SWE,HHDI,GROSSADJ,USD_CAP,A,1982,8889.31476,E
SWE,HHDI,GROSSADJ,USD_CAP,A,1983,9222.079473,E
SWE,HHDI,GROSSADJ,USD_CAP,A,1984,9684.869012,E
SWE,HHDI,GROSSADJ,USD_CAP,A,1985,10229.76922,E
SWE,HHDI,GROSSADJ,USD_CAP,A,1986,10763.58992,E
SWE,HHDI,GROSSADJ,USD_CAP,A,1987,11303.80899,E
SWE,HHDI,GROSSADJ,USD_CAP,A,1988,11729.19277,E
SWE,HHDI,GROSSADJ,USD_CAP,A,1989,12541.44338,E
SWE,HHDI,GROSSADJ,USD_CAP,A,1990,13395.93116,E
SWE,HHDI,GROSSADJ,USD_CAP,A,1991,14225.25218,E
SWE,HHDI,GROSSADJ,USD_CAP,A,1992,14931.86604,E
SWE,HHDI,GROSSADJ,USD_CAP,A,1993,14295.43168,
SWE,HHDI,GROSSADJ,USD_CAP,A,1994,14436.72257,
SWE,HHDI,GROSSADJ,USD_CAP,A,1995,14740.57105,
SWE,HHDI,GROSSADJ,USD_CAP,A,1996,15055.12023,
SWE,HHDI,GROSSADJ,USD_CAP,A,1997,15102.15617,
SWE,HHDI,GROSSADJ,USD_CAP,A,1998,15566.08567,
SWE,HHDI,GROSSADJ,USD_CAP,A,1999,16777.61097,
SWE,HHDI,GROSSADJ,USD_CAP,A,2000,18560.94877,
SWE,HHDI,GROSSADJ,USD_CAP,A,2001,19639.12673,
SWE,HHDI,GROSSADJ,USD_CAP,A,2002,21134.74313,
SWE,HHDI,GROSSADJ,USD_CAP,A,2003,21088.40828,
SWE,HHDI,GROSSADJ,USD_CAP,A,2004,21768.83646,
SWE,HHDI,GROSSADJ,USD_CAP,A,2005,22065.39316,
SWE,HHDI,GROSSADJ,USD_CAP,A,2006,23766.19114,
SWE,HHDI,GROSSADJ,USD_CAP,A,2007,25705.67086,
SWE,HHDI,GROSSADJ,USD_CAP,A,2008,27281.08498,
SWE,HHDI,GROSSADJ,USD_CAP,A,2009,27284.38709,
SWE,HHDI,GROSSADJ,USD_CAP,A,2010,27786.76284,
SWE,HHDI,GROSSADJ,USD_CAP,A,2011,28912.0806,
SWE,HHDI,GROSSADJ,USD_CAP,A,2012,30543.36083,
SWE,HHDI,GROSSADJ,USD_CAP,A,2013,30620.37009,
SWE,HHDI,GROSSADJ,USD_CAP,A,2014,31084.86052,
SWE,HHDI,GROSSADJ,USD_CAP,A,2015,31702.00796,
SWE,HHDI,GROSSADJ,USD_CAP,A,2016,32879.57346,
SWE,HHDI,GROSSADJ,USD_CAP,A,2017,33343.99165,
SWE,HHDI,GROSSADJ,USD_CAP,A,2018,34339.04266,
SWE,HHDI,GROSSADJ,USD_CAP,A,2019,35109.66782,
ESP,HHDI,GROSSADJ,USD_CAP,A,1995,12176.95225,
ESP,HHDI,GROSSADJ,USD_CAP,A,1996,12727.40226,
ESP,HHDI,GROSSADJ,USD_CAP,A,1997,13533.67541,
ESP,HHDI,GROSSADJ,USD_CAP,A,1998,14302.1308,
ESP,HHDI,GROSSADJ,USD_CAP,A,1999,14908.44509,
ESP,HHDI,GROSSADJ,USD_CAP,A,2000,16877.77116,
ESP,HHDI,GROSSADJ,USD_CAP,A,2001,18109.29046,
ESP,HHDI,GROSSADJ,USD_CAP,A,2002,19726.96801,
ESP,HHDI,GROSSADJ,USD_CAP,A,2003,19860.07598,
ESP,HHDI,GROSSADJ,USD_CAP,A,2004,20567.89641,
ESP,HHDI,GROSSADJ,USD_CAP,A,2005,21092.41959,
ESP,HHDI,GROSSADJ,USD_CAP,A,2006,22093.07664,
ESP,HHDI,GROSSADJ,USD_CAP,A,2007,22351.7387,
ESP,HHDI,GROSSADJ,USD_CAP,A,2008,23317.34863,
ESP,HHDI,GROSSADJ,USD_CAP,A,2009,23024.7622,
ESP,HHDI,GROSSADJ,USD_CAP,A,2010,22902.44622,
ESP,HHDI,GROSSADJ,USD_CAP,A,2011,22982.97142,
ESP,HHDI,GROSSADJ,USD_CAP,A,2012,22402.20513,
ESP,HHDI,GROSSADJ,USD_CAP,A,2013,23021.45914,
ESP,HHDI,GROSSADJ,USD_CAP,A,2014,23479.10307,
ESP,HHDI,GROSSADJ,USD_CAP,A,2015,24640.77655,
ESP,HHDI,GROSSADJ,USD_CAP,A,2016,26018.39066,
ESP,HHDI,GROSSADJ,USD_CAP,A,2017,27135.8867,
ESP,HHDI,GROSSADJ,USD_CAP,A,2018,27933.91999,E
ESP,HHDI,GROSSADJ,USD_CAP,A,2019,28615.84513,E
EST,HHDI,GROSSADJ,USD_CAP,A,1995,5378.954503,
EST,HHDI,GROSSADJ,USD_CAP,A,1996,5612.305181,
EST,HHDI,GROSSADJ,USD_CAP,A,1997,6053.333959,
EST,HHDI,GROSSADJ,USD_CAP,A,1998,6309.066362,
EST,HHDI,GROSSADJ,USD_CAP,A,1999,6518.553255,
EST,HHDI,GROSSADJ,USD_CAP,A,2000,7240.873869,
EST,HHDI,GROSSADJ,USD_CAP,A,2001,7691.963283,
EST,HHDI,GROSSADJ,USD_CAP,A,2002,8442.438778,
EST,HHDI,GROSSADJ,USD_CAP,A,2003,9038.719422,
EST,HHDI,GROSSADJ,USD_CAP,A,2004,9838.695581,
EST,HHDI,GROSSADJ,USD_CAP,A,2005,10735.25798,
EST,HHDI,GROSSADJ,USD_CAP,A,2006,12056.70444,
EST,HHDI,GROSSADJ,USD_CAP,A,2007,13388.33121,
EST,HHDI,GROSSADJ,USD_CAP,A,2008,15129.701,
EST,HHDI,GROSSADJ,USD_CAP,A,2009,14488.24412,
EST,HHDI,GROSSADJ,USD_CAP,A,2010,14872.15241,
EST,HHDI,GROSSADJ,USD_CAP,A,2011,15865.55791,
EST,HHDI,GROSSADJ,USD_CAP,A,2012,16434.39719,
EST,HHDI,GROSSADJ,USD_CAP,A,2013,17646.05013,
EST,HHDI,GROSSADJ,USD_CAP,A,2014,18511.73434,
EST,HHDI,GROSSADJ,USD_CAP,A,2015,19540.33362,
EST,HHDI,GROSSADJ,USD_CAP,A,2016,20404.8729,
EST,HHDI,GROSSADJ,USD_CAP,A,2017,21751.60086,
EST,HHDI,GROSSADJ,USD_CAP,A,2018,23308.87819,
EST,HHDI,GROSSADJ,USD_CAP,A,2019,24850.76948,
NOR,HHDI,GROSSADJ,USD_CAP,A,1978,5486.945672,
NOR,HHDI,GROSSADJ,USD_CAP,A,1979,6014.266999,
NOR,HHDI,GROSSADJ,USD_CAP,A,1980,6860.167084,
NOR,HHDI,GROSSADJ,USD_CAP,A,1981,7643.329762,
NOR,HHDI,GROSSADJ,USD_CAP,A,1982,8090.425766,
NOR,HHDI,GROSSADJ,USD_CAP,A,1983,8549.292991,
NOR,HHDI,GROSSADJ,USD_CAP,A,1984,9123.85747,
NOR,HHDI,GROSSADJ,USD_CAP,A,1985,9623.811961,
NOR,HHDI,GROSSADJ,USD_CAP,A,1986,10008.7378,
NOR,HHDI,GROSSADJ,USD_CAP,A,1987,10341.11939,
NOR,HHDI,GROSSADJ,USD_CAP,A,1988,10756.93651,
NOR,HHDI,GROSSADJ,USD_CAP,A,1989,11353.15523,
NOR,HHDI,GROSSADJ,USD_CAP,A,1990,12035.1497,
NOR,HHDI,GROSSADJ,USD_CAP,A,1991,12811.10879,
NOR,HHDI,GROSSADJ,USD_CAP,A,1992,13610.08981,
NOR,HHDI,GROSSADJ,USD_CAP,A,1993,14370.91185,
NOR,HHDI,GROSSADJ,USD_CAP,A,1994,14910.8781,
NOR,HHDI,GROSSADJ,USD_CAP,A,1995,15542.79159,
NOR,HHDI,GROSSADJ,USD_CAP,A,1996,16542.97678,
NOR,HHDI,GROSSADJ,USD_CAP,A,1997,17255.18535,
NOR,HHDI,GROSSADJ,USD_CAP,A,1998,18237.4714,
NOR,HHDI,GROSSADJ,USD_CAP,A,1999,18756.81491,
NOR,HHDI,GROSSADJ,USD_CAP,A,2000,20435.48418,
NOR,HHDI,GROSSADJ,USD_CAP,A,2001,20730.44866,
NOR,HHDI,GROSSADJ,USD_CAP,A,2002,23322.60406,
NOR,HHDI,GROSSADJ,USD_CAP,A,2003,24036.14156,
NOR,HHDI,GROSSADJ,USD_CAP,A,2004,25391.06151,
NOR,HHDI,GROSSADJ,USD_CAP,A,2005,26859.66647,
NOR,HHDI,GROSSADJ,USD_CAP,A,2006,26410.00397,
NOR,HHDI,GROSSADJ,USD_CAP,A,2007,28638.74192,
NOR,HHDI,GROSSADJ,USD_CAP,A,2008,29996.91891,
NOR,HHDI,GROSSADJ,USD_CAP,A,2009,30727.78088,
NOR,HHDI,GROSSADJ,USD_CAP,A,2010,31367.20103,
NOR,HHDI,GROSSADJ,USD_CAP,A,2011,32326.1362,
NOR,HHDI,GROSSADJ,USD_CAP,A,2012,33770.92174,
NOR,HHDI,GROSSADJ,USD_CAP,A,2013,35738.00269,
NOR,HHDI,GROSSADJ,USD_CAP,A,2014,36619.70244,
NOR,HHDI,GROSSADJ,USD_CAP,A,2015,36640.06937,
NOR,HHDI,GROSSADJ,USD_CAP,A,2016,37067.56608,
NOR,HHDI,GROSSADJ,USD_CAP,A,2017,39212.88739,
NOR,HHDI,GROSSADJ,USD_CAP,A,2018,41004.21602,
KOR,HHDI,GROSSADJ,USD_CAP,A,1975,1104.213615,
KOR,HHDI,GROSSADJ,USD_CAP,A,1976,1302.813962,
KOR,HHDI,GROSSADJ,USD_CAP,A,1977,1502.266058,
KOR,HHDI,GROSSADJ,USD_CAP,A,1978,1759.562499,
KOR,HHDI,GROSSADJ,USD_CAP,A,1979,1996.987499,
KOR,HHDI,GROSSADJ,USD_CAP,A,1980,1995.498134,
KOR,HHDI,GROSSADJ,USD_CAP,A,1981,2276.356737,
KOR,HHDI,GROSSADJ,USD_CAP,A,1982,2549.482177,
KOR,HHDI,GROSSADJ,USD_CAP,A,1983,2916.654061,
KOR,HHDI,GROSSADJ,USD_CAP,A,1984,3328.724597,
KOR,HHDI,GROSSADJ,USD_CAP,A,1985,3665.197141,
KOR,HHDI,GROSSADJ,USD_CAP,A,1986,4214.243263,
KOR,HHDI,GROSSADJ,USD_CAP,A,1987,4858.063315,
KOR,HHDI,GROSSADJ,USD_CAP,A,1988,5548.932656,
KOR,HHDI,GROSSADJ,USD_CAP,A,1989,6183.310063,
KOR,HHDI,GROSSADJ,USD_CAP,A,1990,7036.51389,
KOR,HHDI,GROSSADJ,USD_CAP,A,1991,8043.704887,
KOR,HHDI,GROSSADJ,USD_CAP,A,1992,8639.949326,
KOR,HHDI,GROSSADJ,USD_CAP,A,1993,9275.081073,
KOR,HHDI,GROSSADJ,USD_CAP,A,1994,9933.008698,
KOR,HHDI,GROSSADJ,USD_CAP,A,1995,10662.15986,
KOR,HHDI,GROSSADJ,USD_CAP,A,1996,11472.2627,
KOR,HHDI,GROSSADJ,USD_CAP,A,1997,11771.41064,
KOR,HHDI,GROSSADJ,USD_CAP,A,1998,11658.73604,
KOR,HHDI,GROSSADJ,USD_CAP,A,1999,11982.71237,
KOR,HHDI,GROSSADJ,USD_CAP,A,2000,12498.03306,
KOR,HHDI,GROSSADJ,USD_CAP,A,2001,13026.50203,
KOR,HHDI,GROSSADJ,USD_CAP,A,2002,13878.62197,
KOR,HHDI,GROSSADJ,USD_CAP,A,2003,14252.56415,
KOR,HHDI,GROSSADJ,USD_CAP,A,2004,15236.45433,
KOR,HHDI,GROSSADJ,USD_CAP,A,2005,15814.99672,
KOR,HHDI,GROSSADJ,USD_CAP,A,2006,16648.63278,
KOR,HHDI,GROSSADJ,USD_CAP,A,2007,17801.68929,
KOR,HHDI,GROSSADJ,USD_CAP,A,2008,18514.72667,
KOR,HHDI,GROSSADJ,USD_CAP,A,2009,18664.51753,
KOR,HHDI,GROSSADJ,USD_CAP,A,2010,19684.53744,
KOR,HHDI,GROSSADJ,USD_CAP,A,2011,20438.86474,
KOR,HHDI,GROSSADJ,USD_CAP,A,2012,21244.04125,
KOR,HHDI,GROSSADJ,USD_CAP,A,2013,21573.31991,
KOR,HHDI,GROSSADJ,USD_CAP,A,2014,21915.95578,
KOR,HHDI,GROSSADJ,USD_CAP,A,2015,23958.29683,
KOR,HHDI,GROSSADJ,USD_CAP,A,2016,24190.59773,
KOR,HHDI,GROSSADJ,USD_CAP,A,2017,24484.53504,
KOR,HHDI,GROSSADJ,USD_CAP,A,2018,25845.03538,
KOR,HHDI,GROSSADJ,USD_CAP,A,2019,26798.98676,E
GBR,HHDI,GROSSADJ,USD_CAP,A,1995,15444.80455,
GBR,HHDI,GROSSADJ,USD_CAP,A,1996,16507.721,
GBR,HHDI,GROSSADJ,USD_CAP,A,1997,17031.79684,
GBR,HHDI,GROSSADJ,USD_CAP,A,1998,17077.63368,
GBR,HHDI,GROSSADJ,USD_CAP,A,1999,18013.54883,
GBR,HHDI,GROSSADJ,USD_CAP,A,2000,20534.76613,
GBR,HHDI,GROSSADJ,USD_CAP,A,2001,21858.39207,
GBR,HHDI,GROSSADJ,USD_CAP,A,2002,23322.45795,
GBR,HHDI,GROSSADJ,USD_CAP,A,2003,23622.97446,
GBR,HHDI,GROSSADJ,USD_CAP,A,2004,25331.56224,
GBR,HHDI,GROSSADJ,USD_CAP,A,2005,25082.18769,
GBR,HHDI,GROSSADJ,USD_CAP,A,2006,26250.88928,
GBR,HHDI,GROSSADJ,USD_CAP,A,2007,27045.49371,
GBR,HHDI,GROSSADJ,USD_CAP,A,2008,27705.60742,
GBR,HHDI,GROSSADJ,USD_CAP,A,2009,27424.67889,
GBR,HHDI,GROSSADJ,USD_CAP,A,2010,28143.1135,
GBR,HHDI,GROSSADJ,USD_CAP,A,2011,28163.55289,
GBR,HHDI,GROSSADJ,USD_CAP,A,2012,29317.8491,
GBR,HHDI,GROSSADJ,USD_CAP,A,2013,29835.03759,
GBR,HHDI,GROSSADJ,USD_CAP,A,2014,30301.54547,
GBR,HHDI,GROSSADJ,USD_CAP,A,2015,31530.35231,
GBR,HHDI,GROSSADJ,USD_CAP,A,2016,32326.85447,
GBR,HHDI,GROSSADJ,USD_CAP,A,2017,32888.19571,
GBR,HHDI,GROSSADJ,USD_CAP,A,2018,34388.78542,
GBR,HHDI,GROSSADJ,USD_CAP,A,2019,35111.93244,
USA,HHDI,GROSSADJ,USD_CAP,A,1970,4105.495951,
USA,HHDI,GROSSADJ,USD_CAP,A,1971,4436.848815,
USA,HHDI,GROSSADJ,USD_CAP,A,1972,4771.30764,
USA,HHDI,GROSSADJ,USD_CAP,A,1973,5284.992031,
USA,HHDI,GROSSADJ,USD_CAP,A,1974,5748.87099,
USA,HHDI,GROSSADJ,USD_CAP,A,1975,6341.296758,
USA,HHDI,GROSSADJ,USD_CAP,A,1976,6840.435104,
USA,HHDI,GROSSADJ,USD_CAP,A,1977,7442.221745,
USA,HHDI,GROSSADJ,USD_CAP,A,1978,8217.869536,
USA,HHDI,GROSSADJ,USD_CAP,A,1979,9026.175855,
USA,HHDI,GROSSADJ,USD_CAP,A,1980,9945.435203,
USA,HHDI,GROSSADJ,USD_CAP,A,1981,10948.40553,
USA,HHDI,GROSSADJ,USD_CAP,A,1982,11655.91278,
USA,HHDI,GROSSADJ,USD_CAP,A,1983,12395.47289,
USA,HHDI,GROSSADJ,USD_CAP,A,1984,13563.23938,
USA,HHDI,GROSSADJ,USD_CAP,A,1985,14291.95993,
USA,HHDI,GROSSADJ,USD_CAP,A,1986,15026.05218,
USA,HHDI,GROSSADJ,USD_CAP,A,1987,15740.71345,
USA,HHDI,GROSSADJ,USD_CAP,A,1988,16957.7758,
USA,HHDI,GROSSADJ,USD_CAP,A,1989,18041.50001,
USA,HHDI,GROSSADJ,USD_CAP,A,1990,19018.80265,
USA,HHDI,GROSSADJ,USD_CAP,A,1991,19555.4427,
USA,HHDI,GROSSADJ,USD_CAP,A,1992,20624.05161,
USA,HHDI,GROSSADJ,USD_CAP,A,1993,21234.08765,
USA,HHDI,GROSSADJ,USD_CAP,A,1994,22008.92886,
USA,HHDI,GROSSADJ,USD_CAP,A,1995,22882.92053,
USA,HHDI,GROSSADJ,USD_CAP,A,1996,23758.40726,
USA,HHDI,GROSSADJ,USD_CAP,A,1997,24715.92829,
USA,HHDI,GROSSADJ,USD_CAP,A,1998,26049.71122,
USA,HHDI,GROSSADJ,USD_CAP,A,1999,27068.23986,
USA,HHDI,GROSSADJ,USD_CAP,A,2000,28790.60665,
USA,HHDI,GROSSADJ,USD_CAP,A,2001,29947.83231,
USA,HHDI,GROSSADJ,USD_CAP,A,2002,31110.54161,
USA,HHDI,GROSSADJ,USD_CAP,A,2003,32335.87534,
USA,HHDI,GROSSADJ,USD_CAP,A,2004,33954.94024,
USA,HHDI,GROSSADJ,USD_CAP,A,2005,35225.32173,
USA,HHDI,GROSSADJ,USD_CAP,A,2006,37235.51222,
USA,HHDI,GROSSADJ,USD_CAP,A,2007,38658.08858,
USA,HHDI,GROSSADJ,USD_CAP,A,2008,39899.33583,
USA,HHDI,GROSSADJ,USD_CAP,A,2009,39550.28073,
USA,HHDI,GROSSADJ,USD_CAP,A,2010,40623.15005,
USA,HHDI,GROSSADJ,USD_CAP,A,2011,42180.82853,
USA,HHDI,GROSSADJ,USD_CAP,A,2012,43955.72749,
USA,HHDI,GROSSADJ,USD_CAP,A,2013,43929.16619,
USA,HHDI,GROSSADJ,USD_CAP,A,2014,45972.36051,
USA,HHDI,GROSSADJ,USD_CAP,A,2015,47531.84277,
USA,HHDI,GROSSADJ,USD_CAP,A,2016,48570.48378,
USA,HHDI,GROSSADJ,USD_CAP,A,2017,50473.54832,
USA,HHDI,GROSSADJ,USD_CAP,A,2018,53201.92308,
HUN,HHDI,GROSSADJ,USD_CAP,A,1995,7910.911364,
HUN,HHDI,GROSSADJ,USD_CAP,A,1996,7882.691066,
HUN,HHDI,GROSSADJ,USD_CAP,A,1997,8018.762568,
HUN,HHDI,GROSSADJ,USD_CAP,A,1998,8261.781121,
HUN,HHDI,GROSSADJ,USD_CAP,A,1999,8558.931915,
HUN,HHDI,GROSSADJ,USD_CAP,A,2000,9399.849327,
HUN,HHDI,GROSSADJ,USD_CAP,A,2001,10217.09289,
HUN,HHDI,GROSSADJ,USD_CAP,A,2002,11420.77403,
HUN,HHDI,GROSSADJ,USD_CAP,A,2003,11982.82198,
HUN,HHDI,GROSSADJ,USD_CAP,A,2004,12774.69245,
HUN,HHDI,GROSSADJ,USD_CAP,A,2005,13312.07035,
HUN,HHDI,GROSSADJ,USD_CAP,A,2006,13801.09509,
HUN,HHDI,GROSSADJ,USD_CAP,A,2007,13646.60049,
HUN,HHDI,GROSSADJ,USD_CAP,A,2008,14260.54841,
HUN,HHDI,GROSSADJ,USD_CAP,A,2009,14393.29614,
HUN,HHDI,GROSSADJ,USD_CAP,A,2010,15346.5587,
HUN,HHDI,GROSSADJ,USD_CAP,A,2011,16416.23496,
HUN,HHDI,GROSSADJ,USD_CAP,A,2012,16655.21113,
HUN,HHDI,GROSSADJ,USD_CAP,A,2013,17315.37795,
HUN,HHDI,GROSSADJ,USD_CAP,A,2014,17655.42776,
HUN,HHDI,GROSSADJ,USD_CAP,A,2015,18085.86338,
HUN,HHDI,GROSSADJ,USD_CAP,A,2016,19048.71135,
HUN,HHDI,GROSSADJ,USD_CAP,A,2017,19631.60678,
HUN,HHDI,GROSSADJ,USD_CAP,A,2018,21255.17331,
HUN,HHDI,GROSSADJ,USD_CAP,A,2019,22112.78883,E
FIN,HHDI,GROSSADJ,USD_CAP,A,1980,5690.718444,
FIN,HHDI,GROSSADJ,USD_CAP,A,1981,6258.775141,
FIN,HHDI,GROSSADJ,USD_CAP,A,1982,6879.22447,
FIN,HHDI,GROSSADJ,USD_CAP,A,1983,7438.71177,
FIN,HHDI,GROSSADJ,USD_CAP,A,1984,7863.962992,
FIN,HHDI,GROSSADJ,USD_CAP,A,1985,8404.947188,
FIN,HHDI,GROSSADJ,USD_CAP,A,1986,8857.683276,
FIN,HHDI,GROSSADJ,USD_CAP,A,1987,9595.097419,
FIN,HHDI,GROSSADJ,USD_CAP,A,1988,10193.48134,
FIN,HHDI,GROSSADJ,USD_CAP,A,1989,11215.76573,
FIN,HHDI,GROSSADJ,USD_CAP,A,1990,11962.20248,
FIN,HHDI,GROSSADJ,USD_CAP,A,1991,12488.26731,
FIN,HHDI,GROSSADJ,USD_CAP,A,1992,12429.1833,
FIN,HHDI,GROSSADJ,USD_CAP,A,1993,11981.196,
FIN,HHDI,GROSSADJ,USD_CAP,A,1994,11855.03755,
FIN,HHDI,GROSSADJ,USD_CAP,A,1995,12903.49197,
FIN,HHDI,GROSSADJ,USD_CAP,A,1996,13133.52778,
FIN,HHDI,GROSSADJ,USD_CAP,A,1997,14026.11715,
FIN,HHDI,GROSSADJ,USD_CAP,A,1998,14714.51455,
FIN,HHDI,GROSSADJ,USD_CAP,A,1999,15726.96331,
FIN,HHDI,GROSSADJ,USD_CAP,A,2000,17203.34099,
FIN,HHDI,GROSSADJ,USD_CAP,A,2001,17490.80543,
FIN,HHDI,GROSSADJ,USD_CAP,A,2002,18888.24573,
FIN,HHDI,GROSSADJ,USD_CAP,A,2003,19272.74282,
FIN,HHDI,GROSSADJ,USD_CAP,A,2004,20784.75999,
FIN,HHDI,GROSSADJ,USD_CAP,A,2005,20876.73117,
FIN,HHDI,GROSSADJ,USD_CAP,A,2006,22147.22423,
FIN,HHDI,GROSSADJ,USD_CAP,A,2007,24247.42865,
FIN,HHDI,GROSSADJ,USD_CAP,A,2008,25978.24154,
FIN,HHDI,GROSSADJ,USD_CAP,A,2009,26373.16808,
FIN,HHDI,GROSSADJ,USD_CAP,A,2010,27636.46065,
FIN,HHDI,GROSSADJ,USD_CAP,A,2011,28489.44951,
FIN,HHDI,GROSSADJ,USD_CAP,A,2012,29373.98387,
FIN,HHDI,GROSSADJ,USD_CAP,A,2013,30093.21054,
FIN,HHDI,GROSSADJ,USD_CAP,A,2014,30263.21336,
FIN,HHDI,GROSSADJ,USD_CAP,A,2015,30849.12234,
FIN,HHDI,GROSSADJ,USD_CAP,A,2016,32273.22301,
FIN,HHDI,GROSSADJ,USD_CAP,A,2017,33379.16676,
FIN,HHDI,GROSSADJ,USD_CAP,A,2018,35078.23867,
FIN,HHDI,GROSSADJ,USD_CAP,A,2019,36212.37176,
AUT,HHDI,GROSSADJ,USD_CAP,A,1995,18475.4808,
AUT,HHDI,GROSSADJ,USD_CAP,A,1996,18906.69805,
AUT,HHDI,GROSSADJ,USD_CAP,A,1997,19208.11674,
AUT,HHDI,GROSSADJ,USD_CAP,A,1998,20098.27494,
AUT,HHDI,GROSSADJ,USD_CAP,A,1999,21027.49966,
AUT,HHDI,GROSSADJ,USD_CAP,A,2000,22894.04612,
AUT,HHDI,GROSSADJ,USD_CAP,A,2001,22896.81135,
AUT,HHDI,GROSSADJ,USD_CAP,A,2002,24433.16111,
AUT,HHDI,GROSSADJ,USD_CAP,A,2003,25099.48051,
AUT,HHDI,GROSSADJ,USD_CAP,A,2004,26074.97096,
AUT,HHDI,GROSSADJ,USD_CAP,A,2005,27118.15542,
AUT,HHDI,GROSSADJ,USD_CAP,A,2006,28463.92905,
AUT,HHDI,GROSSADJ,USD_CAP,A,2007,29386.32423,
AUT,HHDI,GROSSADJ,USD_CAP,A,2008,30475.13237,
AUT,HHDI,GROSSADJ,USD_CAP,A,2009,30445.3637,
AUT,HHDI,GROSSADJ,USD_CAP,A,2010,31184.19771,
AUT,HHDI,GROSSADJ,USD_CAP,A,2011,31746.48485,
AUT,HHDI,GROSSADJ,USD_CAP,A,2012,33296.52715,
AUT,HHDI,GROSSADJ,USD_CAP,A,2013,33971.82347,
AUT,HHDI,GROSSADJ,USD_CAP,A,2014,34326.22914,
AUT,HHDI,GROSSADJ,USD_CAP,A,2015,34413.53432,
AUT,HHDI,GROSSADJ,USD_CAP,A,2016,36227.95563,
AUT,HHDI,GROSSADJ,USD_CAP,A,2017,36964.80765,
AUT,HHDI,GROSSADJ,USD_CAP,A,2018,38517.38492,
AUT,HHDI,GROSSADJ,USD_CAP,A,2019,39294.39765,
LUX,HHDI,GROSSADJ,USD_CAP,A,1995,22695.24335,
LUX,HHDI,GROSSADJ,USD_CAP,A,1996,23227.713,
LUX,HHDI,GROSSADJ,USD_CAP,A,1997,24114.90398,
LUX,HHDI,GROSSADJ,USD_CAP,A,1998,25024.27327,
LUX,HHDI,GROSSADJ,USD_CAP,A,1999,26754.43541,
LUX,HHDI,GROSSADJ,USD_CAP,A,2000,29838.80762,
LUX,HHDI,GROSSADJ,USD_CAP,A,2001,30915.26326,
LUX,HHDI,GROSSADJ,USD_CAP,A,2002,34305.17874,
LUX,HHDI,GROSSADJ,USD_CAP,A,2003,34531.11785,
LUX,HHDI,GROSSADJ,USD_CAP,A,2004,34816.39591,
LUX,HHDI,GROSSADJ,USD_CAP,A,2005,34980.72782,
LUX,HHDI,GROSSADJ,USD_CAP,A,2006,36324.22877,
LUX,HHDI,GROSSADJ,USD_CAP,A,2007,37215.98105,
LUX,HHDI,GROSSADJ,USD_CAP,A,2008,38855.82192,
LUX,HHDI,GROSSADJ,USD_CAP,A,2009,38674.83628,
LUX,HHDI,GROSSADJ,USD_CAP,A,2010,37972.37432,
LUX,HHDI,GROSSADJ,USD_CAP,A,2011,38436.66493,
LUX,HHDI,GROSSADJ,USD_CAP,A,2012,40039.43505,
LUX,HHDI,GROSSADJ,USD_CAP,A,2013,41646.84693,
LUX,HHDI,GROSSADJ,USD_CAP,A,2014,42467.72484,
LUX,HHDI,GROSSADJ,USD_CAP,A,2015,42477.97937,
LUX,HHDI,GROSSADJ,USD_CAP,A,2016,43325.15817,
LUX,HHDI,GROSSADJ,USD_CAP,A,2017,45300.50736,
LUX,HHDI,GROSSADJ,USD_CAP,A,2018,47180.31564,
FRA,HHDI,GROSSADJ,USD_CAP,A,1970,2827.143967,
FRA,HHDI,GROSSADJ,USD_CAP,A,1971,3094.257514,
FRA,HHDI,GROSSADJ,USD_CAP,A,1972,3350.342013,
FRA,HHDI,GROSSADJ,USD_CAP,A,1973,3727.260839,
FRA,HHDI,GROSSADJ,USD_CAP,A,1974,4236.776086,
FRA,HHDI,GROSSADJ,USD_CAP,A,1975,4726.747744,
FRA,HHDI,GROSSADJ,USD_CAP,A,1976,5097.276176,
FRA,HHDI,GROSSADJ,USD_CAP,A,1977,5558.721366,
FRA,HHDI,GROSSADJ,USD_CAP,A,1978,6276.979879,
FRA,HHDI,GROSSADJ,USD_CAP,A,1979,6889.370771,
FRA,HHDI,GROSSADJ,USD_CAP,A,1980,7648.426117,
FRA,HHDI,GROSSADJ,USD_CAP,A,1981,8434.413939,
FRA,HHDI,GROSSADJ,USD_CAP,A,1982,9097.483409,
FRA,HHDI,GROSSADJ,USD_CAP,A,1983,9468.867131,
FRA,HHDI,GROSSADJ,USD_CAP,A,1984,9766.719559,
FRA,HHDI,GROSSADJ,USD_CAP,A,1985,10187.83204,
FRA,HHDI,GROSSADJ,USD_CAP,A,1986,10644.52883,
FRA,HHDI,GROSSADJ,USD_CAP,A,1987,11121.69379,
FRA,HHDI,GROSSADJ,USD_CAP,A,1988,11861.02926,
FRA,HHDI,GROSSADJ,USD_CAP,A,1989,12740.08796,
FRA,HHDI,GROSSADJ,USD_CAP,A,1990,13767.13594,
FRA,HHDI,GROSSADJ,USD_CAP,A,1991,14386.69565,
FRA,HHDI,GROSSADJ,USD_CAP,A,1992,15082.60671,
FRA,HHDI,GROSSADJ,USD_CAP,A,1993,15526.98267,
FRA,HHDI,GROSSADJ,USD_CAP,A,1994,15891.96642,
FRA,HHDI,GROSSADJ,USD_CAP,A,1995,16482.32209,
FRA,HHDI,GROSSADJ,USD_CAP,A,1996,17017.79757,
FRA,HHDI,GROSSADJ,USD_CAP,A,1997,17629.69122,
FRA,HHDI,GROSSADJ,USD_CAP,A,1998,18307.37511,
FRA,HHDI,GROSSADJ,USD_CAP,A,1999,19030.62829,
FRA,HHDI,GROSSADJ,USD_CAP,A,2000,21216.05436,
FRA,HHDI,GROSSADJ,USD_CAP,A,2001,22650.31593,
FRA,HHDI,GROSSADJ,USD_CAP,A,2002,24402.08032,
FRA,HHDI,GROSSADJ,USD_CAP,A,2003,23594.36361,
FRA,HHDI,GROSSADJ,USD_CAP,A,2004,24220.84403,
FRA,HHDI,GROSSADJ,USD_CAP,A,2005,24746.96329,
FRA,HHDI,GROSSADJ,USD_CAP,A,2006,25703.94279,
FRA,HHDI,GROSSADJ,USD_CAP,A,2007,26976.27301,
FRA,HHDI,GROSSADJ,USD_CAP,A,2008,27756.53037,
FRA,HHDI,GROSSADJ,USD_CAP,A,2009,27919.47581,
FRA,HHDI,GROSSADJ,USD_CAP,A,2010,29175.12063,
FRA,HHDI,GROSSADJ,USD_CAP,A,2011,29757.89032,
FRA,HHDI,GROSSADJ,USD_CAP,A,2012,30369.37479,
FRA,HHDI,GROSSADJ,USD_CAP,A,2013,31388.02077,
FRA,HHDI,GROSSADJ,USD_CAP,A,2014,31699.91412,
FRA,HHDI,GROSSADJ,USD_CAP,A,2015,31890.70233,
FRA,HHDI,GROSSADJ,USD_CAP,A,2016,33550.67001,
FRA,HHDI,GROSSADJ,USD_CAP,A,2017,34343.94527,
FRA,HHDI,GROSSADJ,USD_CAP,A,2018,35657.58352,E
FRA,HHDI,GROSSADJ,USD_CAP,A,2019,36893.96194,E
RUS,HHDI,GROSSADJ,USD_CAP,A,2011,15756.25259,
RUS,HHDI,GROSSADJ,USD_CAP,A,2012,17162.97848,
RUS,HHDI,GROSSADJ,USD_CAP,A,2013,18078.02622,
RUS,HHDI,GROSSADJ,USD_CAP,A,2014,18620.03553,
RUS,HHDI,GROSSADJ,USD_CAP,A,2015,18184.04759,
RUS,HHDI,GROSSADJ,USD_CAP,A,2016,18163.07398,
RUS,HHDI,GROSSADJ,USD_CAP,A,2017,19082.87371,
RUS,HHDI,GROSSADJ,USD_CAP,A,2018,20239.75514,
NZL,HHDI,GROSSADJ,USD_CAP,A,1999,17524.62834,
NZL,HHDI,GROSSADJ,USD_CAP,A,2000,17563.09554,
NZL,HHDI,GROSSADJ,USD_CAP,A,2001,18461.51395,
NZL,HHDI,GROSSADJ,USD_CAP,A,2002,18694.78848,
NZL,HHDI,GROSSADJ,USD_CAP,A,2003,19390.40454,
NZL,HHDI,GROSSADJ,USD_CAP,A,2004,20392.68039,
NZL,HHDI,GROSSADJ,USD_CAP,A,2005,20741.58999,
NZL,HHDI,GROSSADJ,USD_CAP,A,2006,22395.25568,
NZL,HHDI,GROSSADJ,USD_CAP,A,2007,24071.58222,
NZL,HHDI,GROSSADJ,USD_CAP,A,2008,24841.57264,
NZL,HHDI,GROSSADJ,USD_CAP,A,2009,24666.62785,
NZL,HHDI,GROSSADJ,USD_CAP,A,2010,25306.97479,
NZL,HHDI,GROSSADJ,USD_CAP,A,2011,26508.52296,
NZL,HHDI,GROSSADJ,USD_CAP,A,2012,27251.07118,
NZL,HHDI,GROSSADJ,USD_CAP,A,2013,28479.01795,
NZL,HHDI,GROSSADJ,USD_CAP,A,2014,28750.21049,
NZL,HHDI,GROSSADJ,USD_CAP,A,2015,29357.0355,
NZL,HHDI,GROSSADJ,USD_CAP,A,2016,31590.53189,
NZL,HHDI,GROSSADJ,USD_CAP,A,2017,33295.7703,
DNK,HHDI,GROSSADJ,USD_CAP,A,1995,15072.2876,
DNK,HHDI,GROSSADJ,USD_CAP,A,1996,15394.47403,
DNK,HHDI,GROSSADJ,USD_CAP,A,1997,15706.54487,
DNK,HHDI,GROSSADJ,USD_CAP,A,1998,16492.70866,
DNK,HHDI,GROSSADJ,USD_CAP,A,1999,16491.37935,
DNK,HHDI,GROSSADJ,USD_CAP,A,2000,17647.03718,
DNK,HHDI,GROSSADJ,USD_CAP,A,2001,18322.72685,
DNK,HHDI,GROSSADJ,USD_CAP,A,2002,19944.792,
DNK,HHDI,GROSSADJ,USD_CAP,A,2003,19931.52746,
DNK,HHDI,GROSSADJ,USD_CAP,A,2004,20883.80807,
DNK,HHDI,GROSSADJ,USD_CAP,A,2005,21067.21501,
DNK,HHDI,GROSSADJ,USD_CAP,A,2006,22495.30013,
DNK,HHDI,GROSSADJ,USD_CAP,A,2007,23695.8482,
DNK,HHDI,GROSSADJ,USD_CAP,A,2008,24628.50002,
DNK,HHDI,GROSSADJ,USD_CAP,A,2009,25306.29486,
DNK,HHDI,GROSSADJ,USD_CAP,A,2010,27072.51871,
DNK,HHDI,GROSSADJ,USD_CAP,A,2011,27671.86315,
DNK,HHDI,GROSSADJ,USD_CAP,A,2012,28226.79658,
DNK,HHDI,GROSSADJ,USD_CAP,A,2013,29302.66366,
DNK,HHDI,GROSSADJ,USD_CAP,A,2014,29543.8328,
DNK,HHDI,GROSSADJ,USD_CAP,A,2015,30507.18293,
DNK,HHDI,GROSSADJ,USD_CAP,A,2016,31950.53014,
DNK,HHDI,GROSSADJ,USD_CAP,A,2017,33441.27775,
DNK,HHDI,GROSSADJ,USD_CAP,A,2018,34930.46753,
DNK,HHDI,GROSSADJ,USD_CAP,A,2019,35952.65838,
LVA,HHDI,NET,AGRWTH,A,1996,7.666219438,
LVA,HHDI,NET,AGRWTH,A,1997,17.62144553,
LVA,HHDI,NET,AGRWTH,A,1998,0.176730887,
LVA,HHDI,NET,AGRWTH,A,1999,2.158878936,
LVA,HHDI,NET,AGRWTH,A,2000,9.048444881,
LVA,HHDI,NET,AGRWTH,A,2001,4.447261864,
LVA,HHDI,NET,AGRWTH,A,2002,7.099701873,
LVA,HHDI,NET,AGRWTH,A,2003,7.963214936,
LVA,HHDI,NET,AGRWTH,A,2004,9.3209999,
LVA,HHDI,NET,AGRWTH,A,2005,10.27575048,
LVA,HHDI,NET,AGRWTH,A,2006,12.52516846,
LVA,HHDI,NET,AGRWTH,A,2007,8.045239942,
LVA,HHDI,NET,AGRWTH,A,2008,2.762313326,
LVA,HHDI,NET,AGRWTH,A,2009,-12.71198573,
LVA,HHDI,NET,AGRWTH,A,2010,-4.885522703,
LVA,HHDI,NET,AGRWTH,A,2011,-5.867694964,
LVA,HHDI,NET,AGRWTH,A,2012,3.191772798,
LVA,HHDI,NET,AGRWTH,A,2013,4.366779898,
LVA,HHDI,NET,AGRWTH,A,2014,4.757796289,
LVA,HHDI,NET,AGRWTH,A,2015,6.371129454,
LVA,HHDI,NET,AGRWTH,A,2016,4.345682583,
LVA,HHDI,NET,AGRWTH,A,2017,2.636110555,
LVA,HHDI,NET,AGRWTH,A,2018,4.319365209,
LVA,HHDI,NET,AGRWTH,A,2019,0.312960937,
LVA,HHDI,GROSSADJ,USD_CAP,A,1995,3792.92218,
LVA,HHDI,GROSSADJ,USD_CAP,A,1996,4137.822355,
LVA,HHDI,GROSSADJ,USD_CAP,A,1997,4922.272413,
LVA,HHDI,GROSSADJ,USD_CAP,A,1998,5073.718672,
LVA,HHDI,GROSSADJ,USD_CAP,A,1999,5298.853223,
LVA,HHDI,GROSSADJ,USD_CAP,A,2000,6195.499185,
LVA,HHDI,GROSSADJ,USD_CAP,A,2001,6785.768514,
LVA,HHDI,GROSSADJ,USD_CAP,A,2002,7874.013373,
LVA,HHDI,GROSSADJ,USD_CAP,A,2003,8396.216677,
LVA,HHDI,GROSSADJ,USD_CAP,A,2004,9371.053219,
LVA,HHDI,GROSSADJ,USD_CAP,A,2005,10285.3133,
LVA,HHDI,GROSSADJ,USD_CAP,A,2006,11794.41007,
LVA,HHDI,GROSSADJ,USD_CAP,A,2007,13187.08919,
LVA,HHDI,GROSSADJ,USD_CAP,A,2008,14617.8162,
LVA,HHDI,GROSSADJ,USD_CAP,A,2009,12731.20496,
LVA,HHDI,GROSSADJ,USD_CAP,A,2010,13227.17988,
LVA,HHDI,GROSSADJ,USD_CAP,A,2011,13039.99071,
LVA,HHDI,GROSSADJ,USD_CAP,A,2012,14223.95122,
LVA,HHDI,GROSSADJ,USD_CAP,A,2013,15289.03924,
LVA,HHDI,GROSSADJ,USD_CAP,A,2014,16147.30695,
LVA,HHDI,GROSSADJ,USD_CAP,A,2015,17295.38353,
LVA,HHDI,GROSSADJ,USD_CAP,A,2016,18708.84237,
LVA,HHDI,GROSSADJ,USD_CAP,A,2017,19861.70536,
LVA,HHDI,GROSSADJ,USD_CAP,A,2018,21258.32035,
LVA,HHDI,GROSSADJ,USD_CAP,A,2019,21739.34893,
TUR,HHDI,GROSSADJ,USD_CAP,A,2009,11783.93157,
TUR,HHDI,GROSSADJ,USD_CAP,A,2010,13267.11933,
TUR,HHDI,GROSSADJ,USD_CAP,A,2011,14997.26591,
TUR,HHDI,GROSSADJ,USD_CAP,A,2012,15597.32179,
TUR,HHDI,GROSSADJ,USD_CAP,A,2013,17002.39634,
TUR,HHDI,GROSSADJ,USD_CAP,A,2014,18268.4586,
TUR,HHDI,GROSSADJ,USD_CAP,A,2015,19693.67514,
TUR,HHDI,GROSSADJ,USD_CAP,A,2016,20641.01294,
TUR,HHDI,GROSSADJ,USD_CAP,A,2017,21799.9781,
CRI,HHDI,NET,AGRWTH,A,2013,2.628008215,
CRI,HHDI,NET,AGRWTH,A,2014,3.264262795,
CRI,HHDI,NET,AGRWTH,A,2015,4.602630346,
CRI,HHDI,NET,AGRWTH,A,2016,7.371561862,
LTU,HHDI,NET,AGRWTH,A,1996,4.218764372,
LTU,HHDI,NET,AGRWTH,A,1997,10.550793,
LTU,HHDI,NET,AGRWTH,A,1998,10.00951587,
LTU,HHDI,NET,AGRWTH,A,1999,4.728228581,
LTU,HHDI,NET,AGRWTH,A,2000,4.904112878,
LTU,HHDI,NET,AGRWTH,A,2001,2.391309648,
LTU,HHDI,NET,AGRWTH,A,2002,5.972301888,
LTU,HHDI,NET,AGRWTH,A,2003,7.926079334,
LTU,HHDI,NET,AGRWTH,A,2004,17.01228965,
LTU,HHDI,NET,AGRWTH,A,2005,5.478729621,
LTU,HHDI,NET,AGRWTH,A,2006,9.128831034,
LTU,HHDI,NET,AGRWTH,A,2007,1.575950949,
LTU,HHDI,NET,AGRWTH,A,2008,6.969792135,
LTU,HHDI,NET,AGRWTH,A,2009,-10.24654021,
LTU,HHDI,NET,AGRWTH,A,2010,-0.687920114,
LTU,HHDI,NET,AGRWTH,A,2011,0.357268982,
LTU,HHDI,NET,AGRWTH,A,2012,1.179714654,
LTU,HHDI,NET,AGRWTH,A,2013,3.125584682,
LTU,HHDI,NET,AGRWTH,A,2014,1.030640355,
LTU,HHDI,NET,AGRWTH,A,2015,3.511822589,
LTU,HHDI,NET,AGRWTH,A,2016,5.634271827,
LTU,HHDI,NET,AGRWTH,A,2017,0.681542272,
LTU,HHDI,NET,AGRWTH,A,2018,3.278613758,
LTU,HHDI,NET,AGRWTH,A,2019,6.752687806,
LTU,HHDI,GROSSADJ,USD_CAP,A,1995,4821.511302,
LTU,HHDI,GROSSADJ,USD_CAP,A,1996,5131.897817,
LTU,HHDI,GROSSADJ,USD_CAP,A,1997,5767.930388,
LTU,HHDI,GROSSADJ,USD_CAP,A,1998,6440.964618,
LTU,HHDI,GROSSADJ,USD_CAP,A,1999,6904.863655,
LTU,HHDI,GROSSADJ,USD_CAP,A,2000,7424.328319,
LTU,HHDI,GROSSADJ,USD_CAP,A,2001,7957.4195,
LTU,HHDI,GROSSADJ,USD_CAP,A,2002,9060.982059,
LTU,HHDI,GROSSADJ,USD_CAP,A,2003,10022.67196,
LTU,HHDI,GROSSADJ,USD_CAP,A,2004,11625.0931,
LTU,HHDI,GROSSADJ,USD_CAP,A,2005,12075.57799,
LTU,HHDI,GROSSADJ,USD_CAP,A,2006,13371.78376,
LTU,HHDI,GROSSADJ,USD_CAP,A,2007,13988.39241,
LTU,HHDI,GROSSADJ,USD_CAP,A,2008,15840.12609,
LTU,HHDI,GROSSADJ,USD_CAP,A,2009,15078.64442,
LTU,HHDI,GROSSADJ,USD_CAP,A,2010,16219.46858,
LTU,HHDI,GROSSADJ,USD_CAP,A,2011,17303.86755,
LTU,HHDI,GROSSADJ,USD_CAP,A,2012,18345.44025,
LTU,HHDI,GROSSADJ,USD_CAP,A,2013,19751.54433,
LTU,HHDI,GROSSADJ,USD_CAP,A,2014,20350.98161,
LTU,HHDI,GROSSADJ,USD_CAP,A,2015,21209.01941,
LTU,HHDI,GROSSADJ,USD_CAP,A,2016,23309.91092,
LTU,HHDI,GROSSADJ,USD_CAP,A,2017,24490.3417,
LTU,HHDI,GROSSADJ,USD_CAP,A,2018,26037.04566,
LTU,HHDI,GROSSADJ,USD_CAP,A,2019,28142.40199,
CRI,HHDI,GROSSADJ,USD_CAP,A,2012,11946.28534,
CRI,HHDI,GROSSADJ,USD_CAP,A,2013,12262.59321,
CRI,HHDI,GROSSADJ,USD_CAP,A,2014,12876.29541,
CRI,HHDI,GROSSADJ,USD_CAP,A,2015,13519.58794,
CRI,HHDI,GROSSADJ,USD_CAP,A,2016,14675.88863,
CRI,HHDI,GROSSADJ,USD_CAP,A,2017,16132.07358,
